CDU 2009,SPD 2009,FDP 2009,GREEN 2009,LEFT 2009,Elect. Participtn. 2009,Pop. Density,Elderly pop.,Old Pop.,Mid-aged Pop.,Young Pop.,Children Pop.,Highschool degree,No school degree,Business Regstr.,Income,GDP growth 2009,GDP growth 2008,Workforce,#cars,Agricult. workf.,Prod. workf.,Manufac. Workf.,Constr. workf.,Service workf.,Trade workf.,Finance workf.,Pub. serv. workf.,Bankruptcies,Unemploy.,Unempl. Youth
24.7,28.0,14.4,16.1,11.6,67.4,1559.8,19.6,24.3,29.1,11.7,15.4,41.8,7.2,104.6,15450,-1.2,1.8,907.4,430.3,0.3,14.0,10.8,2.4,85.7,31.1,16.9,37.7,203.6,13.0,12.2
24.4,30.0,12.9,17.6,9.9,71.7,2008.3,18.5,25.5,30.9,10.8,14.5,36.1,7.1,103.6,15983,0.6,5.1,939.9,399.8,0.3,12.5,9.3,2.6,87.1,24.0,19.9,43.3,150.2,10.9,8.5
26.6,30.5,14.0,13.9,10.1,68.3,979.5,23.1,25.9,26.6,8.8,15.7,27.7,7.7,94.1,17588,-2.0,1.7,876.9,406.3,0.6,18.2,13.6,4.1,81.2,27.2,19.5,34.5,116.2,12.3,12.9
30.1,31.0,15.0,11.0,8.4,65.4,1073.5,21.9,26.2,25.2,8.9,17.8,35.8,5.8,108.7,16815,1.1,-0.2,925.8,468.6,1.2,16.9,11.3,5.1,81.9,33.2,18.6,30.1,131.5,11.3,12.8
36.5,24.3,18.8,8.4,7.9,71.1,94.7,23.1,27.4,23.6,7.7,18.3,20.9,7.2,108.6,17800,-2.1,1.8,660.3,512.8,6.6,22.3,14.6,7.0,71.1,28.2,9.6,33.2,86.7,9.7,11.8
32.6,26.1,16.9,12.1,8.2,75.6,147.8,21.6,27.6,25.2,7.2,18.4,20.0,7.6,94.4,19604,-0.6,-3.7,542.5,523.8,4.5,21.0,14.7,5.8,74.5,27.4,12.6,34.5,70.3,6.7,8.0
36.3,24.6,16.5,12.6,6.3,72.3,79.6,22.2,26.8,25.1,7.8,18.2,18.2,6.4,129.5,17675,0.1,3.3,783.8,530.4,5.4,14.2,5.8,6.7,80.4,34.1,10.2,36.1,76.7,8.0,7.0
32.8,28.4,17.7,10.5,7.2,73.0,147.2,25.4,28.7,23.4,6.8,15.7,20.3,7.2,101.3,18516,-1.5,1.1,670.8,522.7,3.6,16.6,10.1,5.2,79.8,31.2,11.6,37.0,140.5,8.0,8.6
33.1,26.3,16.6,12.1,7.8,75.6,455.3,21.3,27.8,26.0,7.2,17.6,33.3,5.8,105.6,20360,-0.5,-1.8,614.7,504.3,3.9,24.0,16.9,5.9,72.1,31.2,14.2,26.6,104.8,6.2,7.2
32.7,27.6,16.1,13.6,6.5,77.7,124.2,22.7,27.9,25.7,6.6,17.0,20.0,7.3,86.8,18213,-0.5,0.0,500.4,508.1,5.1,17.2,9.3,7.7,77.7,26.4,12.9,38.5,50.0,6.8,7.0
33.9,26.6,16.1,12.9,6.5,76.0,123.8,21.2,28.0,24.7,7.3,18.7,22.1,8.9,95.6,18849,-0.1,6.4,630.5,540.3,4.9,17.6,10.3,6.7,77.5,25.4,14.0,38.1,144.6,6.1,6.6
35.0,25.5,15.5,12.9,7.2,74.8,95.8,21.5,27.5,24.6,7.5,18.9,15.8,8.7,111.1,17923,1.6,4.1,611.1,537.8,6.2,16.9,9.5,7.0,76.9,29.4,11.0,36.5,171.2,9.0,10.0
33.5,24.8,17.9,11.4,8.1,74.3,192.0,20.1,27.9,26.4,7.4,18.2,26.1,5.4,115.7,19463,-1.9,7.4,677.3,550.5,3.0,24.1,17.7,5.9,72.8,29.6,15.2,28.1,82.3,5.5,6.0
33.6,26.0,16.7,11.0,7.9,72.8,126.3,21.2,27.8,25.0,7.8,18.2,22.6,7.1,103.3,17986,-0.1,7.0,619.8,516.9,5.0,23.4,15.8,6.3,71.6,23.4,15.4,32.7,136.4,6.1,7.2
33.4,24.9,17.5,13.1,7.5,77.5,298.0,21.9,28.3,25.2,6.6,18.1,35.9,5.2,112.8,22312,-2.3,6.4,694.9,563.4,2.4,26.0,19.8,6.0,71.6,30.3,16.2,25.1,73.2,4.6,5.6
27.8,27.4,13.2,15.6,11.2,71.3,2349.0,19.0,25.0,32.5,8.3,15.3,44.6,7.9,115.4,24137,-2.1,2.9,932.1,401.6,0.5,14.2,10.6,3.1,85.3,29.4,27.2,28.7,96.5,8.6,8.1
29.0,28.7,11.4,14.3,9.9,73.7,1287.5,21.3,25.6,29.4,9.1,14.6,42.7,6.6,79.9,19123,-1.7,1.4,930.1,450.4,0.4,18.0,14.0,3.3,81.5,24.3,23.7,33.6,117.8,9.3,7.7
29.6,36.3,8.9,7.0,12.3,70.4,462.0,23.3,28.2,23.4,8.2,16.8,19.3,7.2,58.7,16866,-12.9,-3.1,886.7,466.1,0.6,45.3,41.6,3.0,54.1,19.5,11.7,22.9,111.4,10.4,9.4
35.0,31.7,9.7,9.1,8.5,70.6,593.5,23.7,26.4,26.2,8.2,15.5,36.0,3.5,64.6,18849,-14.9,-1.9,1499.8,887.4,0.4,54.2,51.8,1.9,45.4,13.5,16.3,15.6,82.9,6.6,7.1
36.6,30.0,11.4,8.9,7.7,73.6,110.8,18.3,28.7,25.2,8.1,19.7,21.7,5.8,63.0,18061,-2.0,0.7,466.8,510.9,4.2,21.6,14.7,6.6,74.2,25.5,15.5,33.1,82.3,6.4,8.0
28.5,29.4,13.2,15.4,8.8,74.6,232.1,19.2,27.4,27.9,9.9,15.7,37.8,4.6,77.4,18027,-1.3,-2.4,731.5,465.8,1.9,18.0,13.4,4.3,80.1,23.2,15.0,41.8,69.1,8.6,6.7
31.3,31.8,13.2,7.9,10.7,72.1,149.9,26.3,28.4,23.3,7.4,14.5,21.8,8.1,82.0,18188,-4.4,0.7,689.7,500.9,1.7,21.2,16.0,4.8,77.1,28.3,11.7,37.1,116.4,10.2,9.7
32.2,31.7,11.6,8.9,8.6,73.1,139.4,22.7,29.3,24.0,7.7,16.3,27.5,3.8,69.4,18280,2.6,11.4,477.1,508.8,3.2,21.8,12.4,5.7,75.0,27.1,8.2,39.6,139.2,9.1,10.3
29.2,34.8,13.7,8.5,9.1,73.8,110.9,23.8,28.9,23.3,7.5,16.6,31.0,5.6,76.1,18206,-3.7,2.1,653.9,549.1,5.0,30.4,24.0,5.9,64.6,22.3,9.9,32.4,84.6,8.6,9.4
29.6,34.1,14.2,8.0,9.0,71.5,123.0,26.5,28.7,22.2,6.9,15.5,22.8,6.0,68.2,18164,-6.0,-2.5,725.4,542.6,1.9,33.8,27.1,5.5,64.3,25.1,8.7,30.5,101.7,11.2,13.8
29.7,36.4,10.8,8.8,9.1,75.1,246.9,20.8,27.9,25.3,7.3,18.7,18.5,6.2,83.6,17895,-5.6,0.7,499.6,535.2,2.5,26.0,17.3,6.8,71.5,27.1,12.0,32.3,99.7,7.7,9.2
31.3,32.3,11.4,10.7,8.6,77.3,169.9,22.2,28.9,24.3,7.2,17.4,24.6,8.0,81.9,18118,-1.8,0.1,439.0,531.6,4.0,18.7,10.7,7.5,77.2,22.9,12.0,42.3,104.7,7.0,7.1
29.4,31.2,12.7,12.8,8.6,74.9,493.4,21.1,27.0,27.8,7.9,16.3,33.4,6.3,84.8,19079,-2.2,5.0,836.0,447.4,0.9,16.9,12.0,4.0,82.1,26.9,21.8,33.5,86.9,9.3,9.0
33.5,27.5,15.9,10.2,8.4,73.7,107.5,20.9,28.6,25.1,7.4,18.2,23.2,4.5,109.2,18943,-4.7,2.3,652.4,550.8,5.7,23.4,16.4,6.2,71.0,32.0,12.5,26.5,107.2,5.3,6.3
30.8,31.9,12.9,9.7,9.4,72.3,194.9,24.4,27.9,23.4,7.7,16.6,23.6,6.6,83.4,18137,-0.2,9.6,712.0,523.9,2.5,21.5,15.5,5.0,76.0,24.4,16.2,35.4,133.5,9.2,9.1
31.8,32.9,11.3,10.5,8.1,75.2,236.0,22.4,27.8,24.7,8.2,17.0,31.2,7.8,86.3,18286,-3.5,3.2,654.9,497.1,2.0,26.8,20.4,5.7,71.3,24.2,11.9,35.1,149.4,8.5,9.3
26.4,34.9,16.8,8.9,8.5,72.8,107.0,25.0,27.8,22.8,7.7,16.6,19.3,8.6,64.2,17889,-7.5,-0.8,660.0,544.5,2.9,35.8,29.3,6.1,61.3,21.4,9.4,30.5,120.0,9.1,9.4
35.3,30.8,12.6,9.3,7.3,69.7,87.9,20.9,28.0,24.6,8.1,18.4,21.1,5.3,72.2,17152,-1.2,1.0,646.5,532.6,6.0,26.4,18.1,7.0,67.6,26.0,9.4,32.3,102.8,7.5,9.3
30.8,33.8,12.7,9.8,7.8,74.0,239.4,23.1,28.2,24.1,7.3,17.3,36.4,4.8,89.9,18494,-2.6,-0.9,586.5,545.8,2.1,24.9,19.0,5.5,73.0,25.9,10.9,36.3,114.8,8.6,9.4
37.0,27.0,15.0,8.4,7.1,71.9,116.0,21.9,27.6,24.3,7.9,18.3,19.1,7.4,83.4,18047,-3.6,4.9,653.3,517.2,3.3,22.0,13.6,5.6,74.7,24.4,10.6,39.6,177.6,8.4,9.0
34.2,30.3,12.7,9.1,9.3,72.2,97.1,22.9,28.7,23.6,7.1,17.7,16.3,8.6,77.5,18258,-1.4,0.6,540.4,532.7,7.4,19.3,10.8,7.7,73.4,28.4,8.5,36.5,127.3,7.0,7.5
34.0,24.5,16.9,12.2,7.3,77.9,197.3,20.9,28.7,25.3,6.8,18.4,26.2,4.3,110.8,22416,-0.8,5.8,504.7,567.8,4.3,18.5,10.1,8.0,77.2,34.8,12.8,29.6,98.3,5.2,6.4
28.6,23.2,11.0,20.7,11.9,72.3,40.7,25.9,28.3,22.1,7.0,16.7,16.9,8.2,72.2,17298,-2.9,1.0,632.6,529.1,8.7,23.5,17.2,5.9,67.8,24.1,9.3,34.4,100.3,11.6,11.8
28.7,25.3,13.0,17.4,9.6,74.8,133.8,18.7,26.9,28.1,8.0,18.2,29.3,4.5,98.8,17907,-1.2,2.4,641.1,486.9,3.0,19.2,14.1,4.7,77.8,24.4,14.8,38.7,108.5,7.5,6.6
30.6,29.8,12.6,11.6,10.9,75.7,172.1,20.9,29.5,24.5,7.0,18.2,26.5,7.2,85.0,19387,-0.1,3.6,512.3,545.3,5.0,17.4,10.2,6.8,77.6,29.6,12.6,35.4,140.0,5.6,6.6
37.2,26.2,14.8,9.9,7.2,73.3,79.3,19.2,27.3,25.5,8.3,19.7,20.6,8.3,89.1,18238,-0.5,0.8,705.9,550.7,6.2,21.5,13.1,7.8,72.3,26.4,9.5,36.5,107.3,5.3,5.0
35.5,28.2,13.6,9.4,8.2,72.0,74.8,21.3,27.2,24.9,8.2,18.4,22.0,7.7,90.1,17502,-1.6,-2.6,756.9,530.9,4.1,19.9,13.0,6.3,76.0,27.2,10.5,38.3,95.6,8.2,8.2
35.4,27.9,13.8,10.3,7.7,73.0,155.6,19.4,27.8,25.9,7.8,19.1,22.8,6.9,87.0,19627,-6.2,5.7,630.2,529.5,5.8,24.0,16.1,7.1,70.2,29.6,12.9,27.7,86.6,7.3,7.9
33.2,27.7,13.1,11.5,8.4,73.1,64.9,24.3,27.5,23.8,7.2,17.2,27.7,6.5,78.3,17411,-0.9,6.0,677.4,520.0,6.4,19.0,12.5,6.0,74.6,26.7,9.4,38.5,43.7,8.2,9.6
33.2,28.8,12.3,12.1,8.6,75.0,169.2,19.9,28.9,24.8,7.7,18.7,29.3,5.4,93.7,21251,-3.6,-0.8,664.7,551.8,4.3,25.1,17.8,6.6,70.6,30.9,13.3,26.4,133.4,6.5,5.3
29.9,28.7,12.1,9.9,12.5,67.5,1194.9,21.3,28.2,24.9,8.3,17.3,23.4,6.9,87.2,17583,-0.7,1.0,690.4,478.6,0.9,16.2,11.6,4.3,82.9,24.6,20.9,37.3,114.8,10.7,10.7
20.3,41.0,9.6,12.4,12.2,67.1,456.5,20.5,26.8,26.4,9.2,17.2,30.5,7.3,50.6,16543,-8.3,-6.3,1095.5,397.6,0.6,40.7,35.5,3.8,58.7,21.1,14.1,23.5,114.2,10.4,8.8
25.0,27.5,12.9,18.2,11.2,73.6,1566.8,18.4,26.6,29.7,9.4,15.9,38.8,6.7,94.5,18650,1.0,-3.3,929.5,462.6,0.4,11.6,6.5,3.7,88.1,26.3,22.1,39.7,99.8,9.4,9.5
30.6,26.7,14.2,15.2,9.1,72.8,1364.9,19.9,25.5,30.0,9.9,14.8,40.9,4.9,106.7,18881,-3.0,1.6,1050.3,438.9,0.4,17.0,12.6,3.7,82.6,28.6,20.6,33.4,81.4,9.4,7.7
28.8,30.0,13.5,8.8,13.1,67.7,758.9,24.4,27.9,24.2,9.2,14.3,25.5,9.4,67.3,17005,-4.0,4.6,863.9,439.2,0.8,15.0,9.8,4.4,84.2,20.8,13.1,50.4,102.2,12.7,8.6
32.4,26.7,16.9,11.6,7.7,73.3,161.3,20.5,28.0,24.9,7.5,19.2,19.6,6.4,96.5,19344,-3.2,2.9,691.8,551.1,9.9,23.4,15.7,7.6,66.7,32.0,8.3,26.4,95.8,5.8,5.4
25.6,38.2,10.6,9.9,11.3,70.8,146.8,20.2,27.8,24.6,8.0,19.3,19.3,9.5,78.4,16554,-1.9,10.1,610.3,499.1,5.2,18.8,9.1,7.3,76.0,31.8,11.7,32.5,69.7,8.9,8.0
54.2,17.0,15.0,5.0,5.6,68.0,111.1,15.8,25.0,26.9,9.5,22.8,16.5,6.1,116.6,16604,-4.3,4.2,727.8,491.7,9.4,35.7,25.6,9.3,54.9,22.4,9.9,22.6,87.5,6.6,6.1
50.3,19.4,14.8,6.4,5.7,73.7,108.6,17.5,26.4,26.7,9.1,20.3,23.7,5.9,99.0,17390,-5.3,2.5,760.7,511.8,5.0,32.4,22.5,8.6,62.7,25.3,10.5,26.9,96.1,4.7,4.9
28.7,31.8,15.5,10.0,9.0,72.4,164.3,23.0,28.3,23.2,7.5,18.1,16.0,7.2,82.4,17253,0.7,5.0,636.5,546.8,4.0,19.2,13.3,5.6,76.8,28.1,13.9,34.8,72.7,7.3,6.4
41.7,28.4,13.7,7.2,6.0,73.8,138.0,19.0,26.3,25.9,8.6,20.2,20.4,8.1,83.5,16182,-4.9,4.7,695.1,511.5,4.8,28.0,18.4,7.9,67.1,28.0,12.3,26.8,84.8,5.4,4.0
30.6,34.7,10.8,8.6,10.6,70.6,151.8,19.6,27.1,25.4,8.4,19.5,15.1,9.3,89.8,16598,-2.7,5.7,625.7,504.6,4.8,17.8,10.4,6.7,77.4,32.0,15.3,30.1,57.3,8.5,8.7
32.5,25.7,16.8,11.5,8.5,74.8,119.1,19.2,28.5,25.3,7.6,19.4,13.1,7.0,104.0,18944,-4.8,1.4,545.4,551.1,6.5,26.4,17.6,7.9,67.0,28.1,11.4,27.5,84.5,6.3,7.7
38.9,26.5,14.5,9.4,7.2,74.5,168.3,19.1,27.2,25.5,8.4,19.8,16.6,6.4,85.5,19107,-5.5,2.2,637.3,532.4,5.0,31.3,24.0,7.0,63.7,27.2,11.0,25.5,97.7,5.4,4.6
54.8,16.0,16.2,5.6,4.5,72.6,164.3,15.2,25.4,28.0,9.8,21.6,26.6,6.1,100.8,19762,-4.9,3.3,860.1,502.5,6.2,34.2,26.1,7.3,59.6,24.4,11.3,23.9,58.9,4.3,4.8
30.3,33.2,12.9,9.4,10.0,69.8,111.0,21.5,28.5,23.6,7.8,18.6,24.9,4.3,92.2,17523,-1.6,19.9,655.0,494.8,5.0,37.8,28.3,6.2,57.2,23.0,8.7,25.5,107.0,7.9,8.8
32.5,31.1,14.9,8.1,9.0,67.7,87.4,21.2,28.1,24.1,7.8,18.8,23.5,5.0,80.5,17126,-1.3,3.8,672.7,521.8,7.4,16.9,8.5,7.9,75.7,31.8,8.1,35.8,72.3,8.2,7.5
23.7,29.8,10.7,16.2,14.2,71.4,1683.0,21.4,26.4,28.2,8.8,15.1,32.7,5.1,93.7,21752,-2.8,1.9,896.6,394.5,0.4,21.1,16.5,4.0,78.6,29.7,19.2,29.6,105.1,11.1,9.9
25.0,32.4,10.2,11.7,14.7,65.1,1446.0,22.0,27.8,24.9,9.1,16.2,32.7,9.2,103.1,18294,2.1,3.1,875.2,378.5,0.4,18.0,13.1,4.2,81.6,31.1,15.8,34.7,158.4,15.4,14.1
32.1,24.2,17.9,12.6,8.6,71.1,2698.7,19.8,26.0,32.0,7.3,15.0,35.6,8.4,130.9,22520,-2.5,7.5,1236.4,461.5,0.3,13.7,10.0,2.7,86.0,28.0,31.7,26.3,152.4,9.6,7.2
25.1,38.2,9.3,8.5,12.5,64.8,2113.0,21.5,27.2,26.3,8.3,16.8,28.3,8.5,93.0,15968,-9.5,3.0,702.4,423.4,0.4,25.5,19.4,4.7,74.1,26.9,16.2,31.0,206.1,13.0,10.9
27.2,35.0,12.3,10.3,9.7,69.7,2740.0,22.4,27.6,26.3,8.2,15.6,35.1,8.0,97.3,19064,-1.6,14.6,840.7,444.9,0.5,16.7,9.1,4.9,82.8,24.1,24.8,33.8,215.6,12.3,11.8
32.6,27.5,15.7,10.8,8.6,68.1,1709.0,21.5,28.3,25.7,8.1,16.4,31.5,7.6,99.6,18627,-8.6,-1.5,768.7,443.3,0.8,25.9,20.9,3.9,73.2,26.2,18.4,28.6,204.9,11.5,8.7
35.0,24.5,18.0,8.9,8.3,63.9,1515.1,20.4,28.0,25.7,8.7,17.2,30.3,7.7,114.1,19325,-3.1,0.5,729.1,459.3,0.7,22.4,16.3,4.9,76.9,27.6,19.2,30.1,171.8,12.2,12.2
27.3,34.2,14.3,10.3,9.3,73.7,1834.5,24.2,28.6,24.4,7.4,15.5,34.9,4.7,66.7,22272,-7.9,4.5,739.1,502.1,0.9,24.1,16.6,6.1,75.1,31.1,18.2,25.8,171.7,8.4,4.0
24.1,39.5,10.0,8.9,11.6,68.5,2775.6,20.9,28.9,25.6,8.1,16.5,28.5,7.4,83.2,16644,-3.5,5.2,629.6,452.7,0.4,20.6,12.3,7.3,79.0,28.1,21.3,29.6,216.0,12.4,11.9
32.5,27.8,15.7,8.7,9.8,68.9,1493.6,22.2,27.3,24.4,8.4,17.6,29.7,5.4,84.6,22131,-9.2,1.3,821.9,491.0,0.6,37.2,31.9,4.6,62.2,20.9,16.2,25.2,220.1,9.8,9.3
31.5,26.2,16.7,10.6,9.4,70.1,1799.2,21.9,27.5,25.5,8.0,17.2,34.2,5.6,91.4,21182,-6.8,1.1,655.1,484.5,0.5,31.5,26.0,4.7,67.9,23.7,13.3,30.9,154.7,9.4,9.7
29.2,27.2,14.0,12.7,11.2,68.2,2084.9,21.6,27.3,26.1,8.5,16.5,33.1,7.7,88.8,20069,-6.0,1.0,720.6,429.8,0.7,25.5,20.1,3.7,73.9,25.1,16.1,32.6,235.7,12.5,14.2
42.2,23.5,16.1,7.9,6.1,70.1,250.0,19.0,28.6,25.5,8.4,18.5,22.8,4.9,115.6,18223,-2.0,11.3,634.9,517.7,6.7,21.1,14.3,6.4,72.2,28.6,12.2,31.4,115.5,6.9,6.7
34.4,25.7,17.6,9.9,7.5,73.3,1219.5,22.8,28.5,24.6,7.4,16.6,30.4,5.1,101.8,22176,-7.7,3.1,748.9,525.0,0.9,27.4,22.2,4.4,71.7,30.8,17.4,23.4,161.0,7.4,7.0
38.0,23.0,19.4,8.3,6.1,72.9,768.6,20.7,28.5,25.7,7.6,17.5,34.4,4.8,100.2,21928,-3.5,0.8,652.0,536.9,1.6,23.0,16.0,4.4,75.4,32.7,15.8,27.0,161.1,6.9,5.9
37.9,22.6,18.5,8.9,7.3,72.2,535.8,20.3,29.0,24.9,7.8,18.1,32.3,5.4,117.7,20161,-3.9,6.1,620.6,533.0,3.5,26.0,19.4,6.1,70.5,29.3,13.9,27.2,180.3,7.1,6.6
30.3,34.7,12.4,8.9,9.0,72.8,451.2,21.0,29.6,24.5,8.1,16.9,28.1,5.3,87.0,18922,-3.8,7.7,603.8,524.7,2.5,24.3,15.0,6.0,73.3,27.8,13.9,31.6,184.1,7.6,8.2
31.1,22.5,19.0,16.0,7.0,76.4,2264.8,18.5,26.4,30.0,8.4,16.7,46.0,4.5,94.8,20182,0.8,6.3,1053.1,487.1,0.3,8.1,5.5,2.0,91.6,22.7,21.1,47.7,149.6,7.6,6.5
26.9,25.7,15.6,17.9,9.0,70.6,2463.4,18.4,25.3,32.1,8.5,15.7,34.0,5.5,125.7,20298,-2.1,-2.8,978.4,425.2,0.2,14.0,9.8,3.2,85.8,26.5,27.5,31.8,149.3,10.6,8.7
32.6,27.4,15.4,10.4,8.4,71.1,2036.2,22.5,26.9,26.0,7.7,16.9,40.1,3.4,83.8,18354,-9.9,-4.5,789.4,485.7,0.5,29.0,24.0,4.1,70.5,23.4,20.2,26.9,207.2,9.0,9.6
33.675,28.61923077,14.76730769,9.530769231,8.407692308,71.36346154,800.9,19.2,27.4,27.2,9.9,16.3,34.2,5.3,86.1,17749,-2.5,2.6,725.8,496.69230769999996,0.8,20.0,14.9,4.0,79.2,24.5,19.4,35.3,160.5,8.782692308,8.559615385
37.7,25.5,15.1,7.8,8.4,72.1,285.4,19.3,28.5,25.7,8.5,17.9,28.8,4.1,90.7,17901,-4.0,5.4,620.7,510.4,2.3,25.7,17.7,5.2,72.0,22.0,19.4,30.5,198.9,8.3,9.4
34.2,27.4,16.6,9.3,7.4,73.5,658.6,19.8,28.8,26.1,7.8,17.5,30.7,6.0,101.5,19198,-4.1,-0.5,597.1,512.4,1.4,22.8,13.1,6.5,75.7,30.5,17.1,28.2,172.4,8.1,8.4
38.4,21.1,19.6,7.9,7.8,70.5,153.8,19.7,29.3,24.6,8.0,18.3,28.7,5.3,101.3,18249,-4.5,0.7,606.2,532.6,3.0,25.4,17.5,7.0,71.6,26.1,13.5,32.1,190.4,6.7,7.7
41.5,21.5,16.4,7.2,8.2,70.2,406.3,18.9,28.7,25.3,8.5,18.6,28.5,7.1,103.5,17315,-1.1,2.9,539.2,519.1,2.7,23.3,15.1,7.7,74.0,28.5,14.8,30.7,170.2,8.1,9.1
38.3,24.0,16.8,8.6,7.5,71.1,307.7,20.1,27.3,25.2,8.5,19.0,26.4,5.9,85.5,21288,-8.0,0.8,712.0,539.2,1.8,34.1,28.2,5.1,64.1,22.0,16.2,25.9,157.7,7.5,8.2
35.5,23.3,19.1,11.3,6.6,77.3,633.6,22.1,28.4,23.9,7.4,18.2,34.6,6.1,103.6,22665,-2.8,0.4,613.9,565.0,1.7,23.4,16.7,6.2,74.8,26.2,16.0,32.7,137.0,6.8,6.9
36.3,21.9,20.4,10.5,6.3,74.2,518.9,19.5,28.4,25.5,8.0,18.5,35.5,5.3,98.8,20086,-1.5,4.9,562.7,515.6,2.4,21.1,14.6,5.9,76.5,26.3,17.8,32.4,153.0,6.4,7.2
26.7,39.7,10.4,6.9,10.7,71.2,1165.3,21.0,29.1,25.2,8.1,16.5,28.5,7.3,86.7,17978,-4.5,14.0,610.7,506.4,1.9,26.5,12.6,5.2,71.6,25.7,13.4,32.5,170.5,8.8,10.7
23.2,42.0,9.0,6.9,12.1,64.9,2477.1,21.1,27.7,25.7,8.5,17.0,26.5,9.3,72.7,15905,-4.6,-1.2,653.2,421.9,0.5,21.9,14.4,4.9,77.7,24.4,18.3,35.0,295.2,15.1,15.8
33.7,23.7,14.7,17.2,6.7,77.7,909.5,17.9,24.9,31.7,9.8,15.8,41.6,6.7,84.8,21757,-0.9,3.9,1048.5,454.2,0.9,12.6,8.6,2.9,86.5,22.9,22.7,40.9,119.6,6.5,5.5
45.4,21.9,16.5,7.3,5.4,73.6,260.4,17.2,26.3,26.6,9.1,20.8,20.7,5.9,110.4,18859,-5.6,4.8,735.7,492.2,4.1,32.8,24.5,7.7,63.1,27.6,11.0,24.6,127.1,5.9,5.9
42.6,22.0,16.6,9.2,6.0,77.1,198.4,18.0,28.1,25.4,8.6,19.8,28.8,3.4,78.0,19399,-3.1,-3.4,607.1,551.9,5.2,23.8,17.8,5.5,71.1,28.9,10.6,31.5,119.6,4.4,4.6
29.1,35.9,11.1,7.6,10.9,71.4,831.8,21.2,28.9,24.9,8.1,16.8,28.7,5.8,77.0,17840,-3.1,5.8,558.4,484.7,1.5,20.9,12.7,6.0,77.5,27.1,15.4,35.0,158.6,11.4,11.6
37.8,28.4,14.6,9.0,6.4,74.2,247.5,18.5,26.8,25.9,8.8,20.0,26.5,4.6,82.6,18888,-4.4,1.7,689.8,506.6,3.3,27.2,19.8,5.6,69.5,29.5,11.9,28.1,136.6,5.2,5.1
40.6,24.4,15.3,9.5,6.4,73.9,211.7,19.3,27.1,25.6,8.5,19.6,27.7,3.8,81.6,20723,-7.0,-0.1,686.0,516.3,4.7,33.2,27.3,5.5,62.1,24.0,11.7,26.5,140.8,6.1,6.4
30.4,30.0,11.1,14.1,9.7,72.9,1252.7,20.8,25.0,27.9,9.1,17.3,35.0,5.8,92.2,19784,-3.7,1.0,870.9,450.6,0.7,20.6,16.3,3.3,78.8,26.3,17.1,35.3,209.2,10.7,11.6
38.9,25.4,14.9,9.7,6.5,72.5,365.2,18.7,26.5,26.5,8.5,19.8,26.1,4.6,82.1,22587,-6.7,1.4,834.2,537.9,2.5,37.3,31.8,5.0,60.2,25.5,15.2,19.6,141.4,5.3,6.1
32.2,33.3,13.4,8.7,7.9,71.0,556.0,21.6,27.0,24.8,8.2,18.4,32.8,5.5,99.4,20704,-5.4,-1.2,753.2,557.9,1.6,35.0,28.8,5.4,63.4,26.2,12.8,24.4,162.3,7.6,7.3
43.4,23.6,16.4,6.3,6.1,73.8,123.7,20.9,27.5,24.3,8.5,18.8,30.2,5.7,95.5,18209,-4.4,-2.1,660.1,520.6,4.7,27.9,22.0,5.5,67.4,25.9,9.0,32.5,108.5,6.8,6.8
31.7,34.8,13.1,8.4,7.2,72.8,283.3,21.7,26.8,24.0,8.5,19.0,27.0,6.7,91.0,20683,-4.0,-0.5,676.0,530.5,2.1,29.2,23.1,5.4,68.7,24.0,11.7,33.0,169.4,9.0,9.1
35.4,32.2,12.7,8.0,7.2,70.2,274.1,21.4,26.8,24.6,8.4,18.8,33.0,6.5,92.2,20151,-4.5,3.3,785.6,551.0,2.5,28.6,23.3,4.5,68.9,24.8,13.2,30.9,215.5,7.5,6.7
43.2,20.4,17.0,8.6,6.0,70.6,240.0,16.8,26.3,28.0,9.4,19.5,27.7,5.1,96.3,18198,-4.5,2.0,748.7,506.5,2.5,27.4,22.0,4.9,70.1,25.2,15.0,29.9,166.0,7.6,7.6
24.2,37.1,10.4,11.4,11.3,71.1,2587.1,21.4,28.4,27.3,8.5,14.4,32.3,6.9,79.6,18006,-4.9,0.7,719.1,509.8,0.4,19.5,14.4,4.2,80.2,24.6,17.3,38.3,219.2,10.3,9.1
24.4,34.3,11.7,12.4,11.2,68.7,2073.0,21.0,27.3,27.0,8.5,16.2,29.7,8.8,106.7,17333,-1.2,0.0,785.8,425.5,0.5,15.5,9.6,4.4,84.0,27.1,24.0,32.8,223.0,13.2,12.3
30.3,32.7,11.4,9.1,10.3,67.8,1185.7,22.8,27.0,24.7,8.3,17.2,32.5,7.0,73.7,19286,-8.1,0.6,796.2,447.3,0.6,24.2,18.8,3.9,75.2,28.1,13.7,33.4,134.1,11.6,10.6
33.5,32.5,12.1,7.3,9.5,69.3,803.3,19.8,27.0,26.6,8.4,18.3,25.9,6.6,81.1,16408,-3.2,6.2,656.1,453.1,1.4,23.6,14.4,5.1,74.9,28.5,13.1,33.3,193.2,10.7,9.6
22.9,40.7,9.0,8.1,12.8,67.4,3221.8,21.7,28.4,26.1,7.9,15.9,27.3,7.1,70.6,16353,-3.5,11.8,560.8,413.3,0.4,21.5,11.6,7.8,78.1,25.7,17.4,35.1,253.3,13.1,12.2
27.8,34.4,12.8,10.7,9.2,73.4,817.3,22.6,29.0,24.8,7.7,16.0,31.6,6.2,83.1,23005,-7.8,4.2,649.6,525.6,1.1,32.5,27.2,4.4,66.4,23.8,13.7,28.9,121.5,8.2,7.5
41.9,24.4,16.3,6.3,6.7,72.7,137.8,21.1,27.1,24.8,8.3,18.8,26.6,5.9,92.3,20870,-5.9,1.4,793.2,529.4,2.8,34.1,27.6,5.4,63.1,23.1,11.9,28.0,107.9,6.7,6.5
34.6,28.4,15.1,7.5,8.6,69.1,409.8,20.8,27.7,24.9,8.5,18.1,24.0,9.3,80.3,23595,-11.0,1.9,726.7,514.9,1.1,43.8,38.6,4.4,55.1,20.0,11.0,24.2,165.9,8.5,8.7
46.4,21.1,16.6,6.1,5.7,73.2,196.5,18.6,26.9,26.7,8.6,19.1,26.1,6.3,83.8,24771,-10.9,0.8,763.6,540.7,2.1,44.3,37.7,6.1,53.7,21.2,10.3,22.1,98.5,5.7,7.1
34.8,28.9,14.9,8.6,8.0,71.8,251.3,20.6,27.8,25.6,9.0,17.1,31.2,4.2,71.5,21842,-9.3,3.7,789.5,536.9,1.3,34.6,29.0,5.0,64.1,24.4,12.5,27.2,106.4,7.0,7.3
36.6,25.4,16.9,8.6,7.6,71.0,229.8,20.0,27.6,25.6,8.3,18.5,29.4,4.8,92.5,19203,-6.4,6.4,712.4,522.6,3.3,31.4,26.1,4.6,65.3,24.9,11.6,28.9,165.3,7.7,7.5
27.5,36.5,12.0,9.0,9.5,72.3,762.9,20.8,28.7,24.9,8.3,17.3,30.9,6.7,77.3,18276,-6.8,2.5,580.0,497.6,1.4,24.2,18.1,4.7,74.4,30.2,14.2,30.0,194.2,10.0,9.9
26.4,24.0,13.6,20.9,9.8,74.2,1174.0,18.4,26.5,30.5,8.7,15.9,47.6,4.9,118.9,22598,-0.4,3.7,1253.8,464.8,0.4,20.3,17.8,2.1,79.3,20.9,23.9,34.5,73.6,7.3,6.4
27.8,21.9,17.5,17.2,10.5,71.8,2706.0,17.3,26.4,33.6,7.4,15.4,34.0,7.6,189.6,19350,-0.2,4.3,1331.2,445.2,0.2,10.4,7.1,2.7,89.3,27.4,38.9,23.0,100.8,8.3,8.6
28.6,23.8,15.2,14.0,11.6,66.1,2645.8,17.6,26.1,30.3,8.4,17.7,26.7,11.9,259.0,16924,-1.1,0.2,804.1,410.2,0.2,21.3,15.5,4.7,78.5,21.3,27.3,29.9,121.2,11.4,9.5
31.1,23.5,17.7,14.1,8.6,71.2,1360.7,19.7,26.3,29.9,7.6,16.6,33.4,8.9,129.2,20573,-0.8,1.1,931.4,473.0,0.6,13.7,9.3,4.1,85.7,22.7,27.9,35.1,57.3,8.2,9.4
34.5,24.6,17.3,10.8,7.5,74.3,365.2,20.7,29.2,25.5,7.6,17.0,32.2,5.4,116.2,20422,-2.9,3.1,580.5,571.6,2.2,25.8,17.4,6.9,72.0,30.0,14.8,27.3,70.6,5.9,5.2
31.0,25.9,16.6,13.5,7.7,76.2,438.7,18.9,29.2,26.6,7.8,17.5,22.3,6.8,120.3,20569,-1.3,3.9,513.6,554.6,2.3,29.1,21.3,7.4,68.6,28.3,16.1,24.2,87.2,5.6,5.8
29.9,28.0,14.9,12.5,8.9,74.4,559.8,19.1,27.5,27.9,7.9,17.6,23.7,7.9,117.3,18682,-4.7,-1.6,697.7,555.5,1.1,28.7,23.6,4.6,70.2,31.3,18.7,20.2,90.5,6.2,6.6
36.7,18.9,22.3,12.1,5.9,80.0,469.5,22.0,28.1,25.7,6.4,17.9,38.4,5.4,125.9,28242,-2.8,0.2,770.8,658.5,0.9,18.4,14.2,3.9,80.7,23.5,30.0,27.2,60.1,4.2,4.3
32.9,24.3,17.3,10.6,8.7,73.4,291.2,20.2,28.5,26.3,7.8,17.2,24.1,6.7,117.8,19726,-3.4,-0.2,617.9,539.8,1.8,29.3,21.9,6.6,68.8,25.5,17.2,26.2,79.5,6.3,6.0
36.9,19.6,20.9,12.1,5.8,79.3,1019.1,20.7,27.6,27.5,6.5,17.8,31.2,7.3,132.3,23612,-1.2,4.4,752.4,693.5,0.9,13.1,9.4,3.5,86.1,33.5,29.5,23.0,56.6,4.7,5.1
30.9,28.2,15.6,10.3,9.4,72.2,156.3,21.3,29.0,24.0,8.4,17.3,25.9,7.0,99.2,18867,-3.7,-2.1,574.3,558.5,2.6,34.5,27.6,6.7,62.8,22.3,13.9,26.7,61.1,6.2,6.3
34.0,21.5,19.5,12.1,7.4,75.4,946.3,20.2,28.3,27.0,7.3,17.0,29.5,5.5,138.9,21404,-3.6,2.5,675.1,555.9,0.8,22.9,16.8,5.3,76.3,33.9,22.8,19.6,73.8,6.4,6.7
34.9,22.7,19.3,11.7,6.6,77.6,225.9,20.8,29.4,25.6,7.0,17.2,26.4,6.6,120.8,21041,-1.8,2.4,523.0,582.5,3.5,23.2,16.7,6.0,73.3,24.8,18.3,30.2,50.1,4.6,4.5
33.2,25.1,17.7,10.9,7.5,74.8,270.9,19.9,28.5,26.4,7.6,17.6,34.0,6.5,118.6,20304,-1.6,3.1,581.5,546.7,2.0,25.1,18.0,6.1,72.9,25.3,18.5,29.1,78.5,5.7,6.7
30.4,27.4,15.7,12.4,8.8,72.9,299.3,18.8,27.8,27.1,10.1,16.2,29.2,6.0,96.4,18345,-2.8,2.6,734.1,513.2,1.3,22.2,17.1,4.3,76.5,26.5,14.5,35.5,84.2,8.2,7.6
35.3,27.6,14.4,8.9,8.5,68.9,239.0,20.8,27.8,25.4,8.2,17.8,20.9,6.1,82.6,20903,-8.2,3.9,717.0,556.5,1.4,36.3,30.6,5.2,62.4,22.7,13.1,26.6,90.1,7.1,7.9
38.9,23.9,16.9,8.4,7.2,71.4,232.2,19.9,28.3,25.4,8.1,18.3,22.2,4.4,113.8,19119,-1.8,3.4,631.8,559.5,1.8,24.4,15.9,8.0,73.7,28.0,14.6,31.1,113.6,6.2,6.7
31.1,28.7,13.1,12.7,9.9,73.1,198.9,18.4,27.8,27.0,10.3,16.6,28.0,5.4,109.6,17511,-3.8,4.0,688.9,491.5,2.0,28.7,23.7,4.5,69.3,19.3,12.9,37.1,69.4,6.2,6.8
31.3,27.5,17.3,9.4,9.5,72.9,76.1,22.7,29.3,24.0,7.8,16.2,18.4,6.9,75.7,18418,-4.2,1.2,605.3,576.6,5.3,31.9,23.9,7.6,62.8,23.5,8.6,30.7,48.3,6.7,5.6
24.8,28.4,12.2,17.2,12.5,69.5,1824.1,20.5,26.6,27.8,9.8,15.3,31.4,8.4,105.7,16998,-1.9,1.6,1056.7,396.8,0.5,16.5,11.7,3.3,83.0,26.4,18.8,37.8,96.4,12.4,12.5
44.5,17.7,17.6,8.3,6.9,74.4,157.8,20.2,26.5,26.0,8.5,18.8,21.8,5.3,86.4,19342,-2.8,0.6,808.5,549.9,2.6,28.4,20.5,7.2,69.0,27.5,14.8,26.7,66.7,5.8,5.5
31.6,34.1,13.4,7.4,8.9,73.4,111.9,23.4,28.4,24.2,7.7,16.3,23.0,6.1,72.3,18441,-2.9,3.9,755.9,566.6,2.8,29.3,21.5,7.1,67.9,29.6,10.9,27.3,87.9,7.3,7.5
27.0,36.0,13.1,10.6,9.2,76.0,184.1,22.9,29.2,24.1,7.3,16.6,20.7,5.2,83.4,19184,-4.5,3.0,599.2,545.8,2.5,34.5,29.1,4.9,63.0,24.8,13.2,25.0,77.8,6.0,6.9
27.9,35.2,13.8,9.2,9.4,74.9,119.4,21.8,28.6,24.7,7.9,16.9,24.1,5.8,80.4,18044,-3.9,-0.8,615.4,561.5,3.5,26.7,21.1,5.2,69.8,25.6,8.5,35.7,59.9,6.4,6.9
33.2,29.1,16.5,9.3,8.0,71.2,88.2,21.9,28.0,24.4,8.1,17.6,21.1,10.2,74.0,18171,-4.0,-0.8,769.2,555.7,3.8,32.1,25.7,5.7,64.1,23.5,8.2,32.4,84.8,7.0,7.6
28.7,34.7,13.1,8.9,10.8,73.9,102.1,24.3,29.2,23.3,7.4,15.7,20.7,5.6,69.8,17818,-4.4,-0.9,625.3,543.1,4.2,26.0,18.1,7.2,69.8,24.2,10.0,35.6,97.4,8.4,9.3
34.4,22.9,17.4,11.9,8.5,68.4,1013.4,22.3,26.4,27.4,8.5,15.3,41.7,7.0,112.8,18269,-2.1,-0.1,1402.7,489.4,0.4,12.7,8.8,2.9,86.8,24.8,19.7,42.4,132.8,8.1,9.0
41.1,17.9,20.4,9.1,7.3,74.1,162.7,22.9,28.8,23.5,7.9,16.7,35.0,4.5,107.6,18596,0.3,4.6,615.1,555.2,4.4,20.5,13.3,6.8,75.0,29.5,10.6,34.9,52.8,4.7,5.1
36.5,24.7,16.4,7.7,9.5,70.3,207.0,21.1,28.0,24.5,8.5,17.9,19.1,8.8,90.1,17910,-5.7,3.4,604.7,538.1,2.0,34.5,26.4,7.8,63.5,25.7,9.3,28.5,64.6,6.8,6.9
34.1,26.7,15.9,9.3,9.5,71.7,180.4,21.3,28.9,24.7,8.0,17.1,30.3,7.2,111.1,18444,-3.3,1.2,688.0,543.2,3.1,25.5,19.2,5.6,71.4,24.3,13.4,33.7,114.8,7.2,9.0
31.2,26.9,16.8,6.9,13.5,66.8,108.4,22.9,29.2,23.2,8.1,16.6,24.3,8.7,84.1,18085,-1.6,2.8,712.1,550.1,1.7,27.9,20.0,7.0,70.4,22.9,8.9,38.6,74.1,7.5,8.3
44.9,18.2,19.6,6.2,6.8,73.3,88.7,23.2,27.8,23.6,8.1,17.4,14.2,8.0,89.6,17791,-0.1,2.4,749.6,569.7,6.0,17.7,10.5,7.1,76.3,28.1,10.7,37.4,82.1,4.6,4.9
38.8,23.7,17.7,8.1,7.5,70.0,258.3,20.6,29.0,25.1,8.0,17.4,20.1,6.6,93.9,18442,-4.5,1.9,608.5,554.3,2.0,27.5,20.1,6.4,70.5,27.3,11.4,31.8,103.7,5.7,6.1
35.7,25.0,17.2,8.6,8.7,71.9,289.5,21.4,28.6,23.8,8.2,18.1,19.5,10.5,111.4,19570,-4.4,-0.8,683.2,555.6,1.5,32.2,24.1,7.0,66.3,23.8,11.8,30.7,161.6,6.7,7.1
36.7,22.6,18.2,9.2,8.6,72.4,106.8,20.9,28.7,24.5,8.1,17.7,23.1,7.0,103.7,18561,-3.5,4.5,729.4,577.4,3.5,27.2,18.8,8.2,69.3,27.0,12.5,29.8,103.2,5.6,6.2
31.5,28.1,16.8,9.7,8.8,72.0,159.1,22.1,29.3,24.0,7.8,16.8,25.2,7.7,92.4,18675,-1.4,-0.5,590.4,564.2,2.5,26.2,19.6,6.2,71.3,24.3,9.1,37.9,122.1,5.0,3.9
36.8,22.3,18.9,8.1,8.7,72.5,201.8,19.8,28.1,25.3,8.3,18.5,19.7,7.3,99.2,19459,-3.5,1.0,683.8,574.1,1.8,32.8,23.6,8.7,65.4,25.7,12.9,26.8,92.7,5.5,6.6
33.2,22.7,14.7,15.7,9.4,68.0,892.9,18.5,24.5,30.4,12.4,14.3,40.0,6.9,85.7,17832,0.1,4.4,1046.6,436.5,0.7,16.0,10.8,3.9,83.4,28.2,12.4,42.7,46.0,6.8,6.0
39.8,19.7,18.9,8.4,8.8,71.6,94.7,21.5,28.4,24.7,8.0,17.4,24.0,7.3,102.6,19119,-3.2,2.6,739.9,574.6,6.1,31.9,23.1,8.3,62.0,24.5,9.5,28.0,112.2,4.3,4.7
40.6,19.1,19.1,9.1,8.0,71.3,58.0,20.6,28.0,25.0,8.2,18.2,26.6,6.7,84.6,17836,-3.1,0.0,643.9,573.9,6.0,31.0,21.6,8.8,63.0,25.7,9.0,28.2,95.3,3.6,4.0
41.3,19.0,20.2,7.1,8.3,71.4,67.8,22.9,28.2,22.7,8.3,17.9,26.7,4.5,105.1,17851,-1.7,4.1,731.8,563.1,4.4,26.8,19.9,6.5,68.7,26.3,7.2,35.2,99.5,5.1,4.9
39.4,22.0,15.2,9.7,9.8,75.2,129.6,19.4,28.5,26.2,7.8,18.0,18.9,7.5,72.2,18913,-2.2,-1.6,462.8,576.3,5.8,27.3,17.7,9.3,66.9,29.8,8.8,28.2,47.9,3.5,3.8
36.7,24.1,14.4,8.0,10.9,68.8,1071.2,22.8,27.6,25.4,8.0,16.1,32.4,8.2,102.1,17551,-8.2,2.9,739.3,494.8,1.0,33.9,27.8,5.0,65.1,23.5,12.1,29.4,112.0,8.1,9.5
28.7,24.5,15.2,10.6,13.8,64.4,710.5,20.2,27.2,27.3,10.8,14.6,43.4,4.9,127.4,16377,-2.5,1.1,1007.5,477.4,0.2,19.4,14.9,3.4,80.4,23.4,19.9,37.1,112.8,10.8,11.7
30.3,23.1,16.9,14.5,9.2,69.2,518.2,19.4,26.8,28.2,9.3,16.3,43.3,7.2,95.3,18688,-1.1,-0.8,974.3,528.4,1.6,13.9,9.9,3.5,84.4,27.0,16.6,40.8,38.1,6.0,6.1
29.7,28.3,13.3,8.8,11.6,65.9,2106.3,20.1,26.9,27.6,8.5,16.9,28.9,9.4,97.4,16410,-8.5,-2.1,1031.9,437.1,0.6,42.8,37.5,4.2,56.5,15.8,16.6,24.1,95.2,9.9,10.4
31.3,22.0,14.5,18.6,7.5,75.2,2023.5,17.8,24.5,32.3,10.6,14.8,45.7,3.6,112.2,18569,1.6,2.6,1039.8,447.0,0.5,10.8,7.6,2.5,88.7,22.0,20.0,46.7,94.3,6.5,5.9
38.3,20.4,16.4,11.5,7.5,72.8,457.1,23.2,29.0,23.8,8.0,15.9,44.9,5.9,80.0,20211,0.9,2.4,770.9,536.5,3.1,15.2,7.8,6.9,81.7,27.3,16.1,38.4,72.6,6.7,6.6
31.7,23.6,14.7,6.3,15.0,63.3,665.0,25.3,28.4,22.9,8.0,15.4,37.2,7.7,93.0,17768,0.7,1.3,1023.8,520.3,0.5,26.7,21.2,4.5,72.8,26.3,13.5,33.1,57.9,14.8,14.5
32.8,22.0,15.0,13.2,10.0,69.5,1169.5,20.3,28.7,26.3,7.8,17.0,50.5,4.6,117.5,21058,-2.1,7.3,1046.0,508.7,0.4,20.7,16.8,3.2,78.9,24.0,13.0,41.9,81.5,7.6,7.4
32.2,27.7,14.8,9.3,9.1,65.9,752.2,19.4,27.7,27.1,9.0,16.9,33.1,6.6,101.0,17181,-3.1,-5.3,731.5,480.6,1.5,25.2,18.1,5.8,73.3,29.4,14.5,29.4,187.9,8.6,10.2
27.5,25.4,14.8,8.3,16.2,66.8,482.9,22.6,28.2,24.5,8.5,16.2,40.5,8.4,89.4,17610,-14.1,8.9,1033.5,554.0,0.8,27.4,23.9,3.1,71.8,24.8,8.4,38.5,133.2,8.8,9.7
31.7,27.8,16.0,9.4,8.4,74.5,212.1,18.0,30.3,25.3,8.1,18.4,23.7,5.1,110.3,18517,1.4,-2.8,511.1,575.5,7.5,21.2,12.5,8.4,71.3,24.3,17.9,29.1,51.6,5.3,6.9
34.6,24.3,17.4,8.9,8.6,75.8,223.7,22.0,30.3,23.7,7.2,16.7,25.5,6.7,100.0,20218,-0.8,3.0,530.0,581.2,6.0,21.4,14.1,6.7,72.5,27.9,12.7,32.0,39.0,4.3,5.2
29.0,28.4,15.1,8.3,11.9,70.8,118.6,19.5,29.6,24.4,8.2,18.2,25.5,6.8,95.5,17658,-6.4,-1.3,553.8,559.4,3.5,34.3,27.7,5.8,62.2,20.6,9.8,31.8,102.5,6.3,7.3
35.2,23.0,16.5,8.8,8.5,72.0,269.8,17.9,28.8,26.4,8.7,18.1,22.6,4.6,86.9,18411,-17.0,-2.9,661.4,560.5,2.7,45.6,39.8,5.4,51.7,18.7,9.8,23.1,40.4,5.3,6.2
33.5,25.3,14.7,7.4,12.5,72.1,165.9,20.3,29.5,24.1,8.2,17.9,27.1,5.5,98.5,17384,-1.1,7.0,459.7,554.9,2.5,23.7,12.7,10.2,73.9,28.1,9.7,36.1,139.8,6.1,7.2
25.3,30.5,12.2,7.4,17.8,72.0,127.8,22.2,30.0,23.2,8.1,16.5,18.5,7.7,58.7,16979,-0.4,2.4,466.8,581.8,3.4,23.0,16.5,6.0,73.6,22.2,11.0,40.5,60.9,6.4,7.9
34.8,22.3,17.9,10.1,8.5,75.2,170.6,21.3,29.9,24.0,7.8,16.9,25.7,5.6,95.7,18666,-4.3,2.2,560.0,588.1,8.1,24.9,16.9,7.7,67.0,25.4,9.7,31.9,47.3,4.5,4.9
35.7,24.0,16.8,9.0,8.1,77.0,487.7,21.4,30.1,24.5,7.5,16.7,14.2,5.5,100.3,20302,0.5,2.7,421.0,581.3,11.7,21.5,11.4,9.3,66.8,27.5,13.2,26.2,55.4,4.2,4.8
34.4,24.4,16.4,12.3,7.3,77.4,332.8,18.5,29.6,26.3,7.5,18.1,35.9,5.4,100.3,21836,-4.5,5.8,518.7,578.0,5.1,27.2,19.6,6.9,67.8,28.3,11.9,27.6,93.2,4.6,5.7
36.7,21.5,16.1,6.4,12.2,75.8,104.4,23.0,29.9,23.4,7.9,15.9,6.9,6.2,76.0,18624,-1.3,0.4,378.1,592.8,3.9,28.6,18.7,9.6,67.5,30.9,7.5,29.1,84.0,5.6,6.3
28.5,19.8,18.4,20.1,7.8,74.3,2901.6,18.9,25.3,32.6,8.3,14.8,40.1,6.8,85.8,22357,-4.7,-4.8,1138.7,455.8,0.4,21.1,17.1,3.2,78.6,19.2,28.1,31.3,68.9,6.4,5.1
33.9,19.1,21.0,13.9,6.1,75.6,601.5,19.2,26.8,27.6,7.9,18.5,31.1,5.4,93.7,20830,-11.0,-3.2,866.8,576.5,0.9,39.5,35.8,3.5,59.6,22.3,18.5,18.9,50.7,4.5,4.6
33.5,19.8,19.6,15.3,5.9,75.9,801.4,20.0,27.1,27.2,7.7,17.9,27.2,4.8,103.9,21667,-8.1,1.0,749.4,554.5,1.0,37.2,31.6,5.1,61.7,23.7,15.8,22.2,76.8,4.6,4.6
33.1,20.7,19.1,13.3,7.3,72.0,394.7,20.7,27.3,25.8,8.2,18.0,24.7,5.8,104.0,20229,-6.4,1.6,676.2,547.9,1.5,37.7,30.2,7.1,60.8,22.5,12.3,26.0,98.5,5.4,5.8
32.7,20.3,19.6,14.8,6.7,75.7,752.6,19.4,26.8,27.8,7.8,18.3,27.5,5.1,96.7,21827,-6.5,1.2,696.1,541.8,2.0,33.2,27.7,5.1,64.9,23.6,17.0,24.3,70.1,4.8,4.9
33.2,19.5,20.5,13.9,6.4,73.9,484.4,20.2,27.4,26.4,7.8,18.2,24.1,4.7,95.9,21503,-5.4,1.5,669.9,538.7,2.0,35.2,28.6,6.3,62.8,22.3,15.1,25.4,73.4,4.7,3.9
32.9,22.7,18.7,10.8,8.2,67.1,1225.6,20.3,26.1,28.1,8.4,17.0,28.9,4.5,97.0,31020,-4.2,-0.3,1150.7,474.2,0.7,26.8,21.9,3.0,72.5,23.8,21.7,27.0,78.6,8.0,6.8
35.0,20.1,20.5,10.5,6.7,73.1,299.2,18.1,27.4,26.9,8.4,19.1,20.6,5.7,91.4,20289,-8.7,0.0,696.1,596.1,3.2,43.8,37.7,5.4,53.0,20.4,13.5,19.1,71.3,4.9,4.8
37.5,17.7,20.0,10.8,7.0,70.4,140.4,18.4,27.5,26.2,8.9,19.1,20.9,7.8,69.9,20599,-8.4,-0.2,853.6,613.6,3.9,40.5,34.8,5.3,55.7,28.7,7.7,19.3,38.7,4.6,4.2
33.1,18.8,18.2,14.4,8.0,68.4,127.2,18.2,27.3,26.3,8.7,19.4,20.6,5.8,80.1,18660,-3.9,3.3,763.7,553.5,3.7,36.7,29.3,6.7,59.6,20.3,16.0,23.3,82.0,4.4,4.9
41.6,17.1,17.5,10.1,6.9,72.1,102.9,20.8,28.0,25.1,8.3,17.8,21.9,4.1,70.8,18639,-4.4,3.0,809.9,566.5,3.6,37.3,31.9,5.0,59.0,20.6,8.7,29.7,97.4,4.7,4.7
33.5,22.7,16.1,12.0,8.5,70.3,210.3,21.6,27.2,25.0,8.3,17.9,21.6,5.0,76.5,19570,-7.6,0.3,755.2,531.8,1.6,42.3,37.1,4.4,56.0,19.2,13.6,23.2,107.5,5.5,5.6
38.2,19.1,17.6,11.3,7.5,72.0,206.5,19.4,26.9,26.1,8.5,19.1,24.9,4.9,81.0,20066,-7.2,-0.8,733.9,545.9,2.3,39.3,33.0,5.9,58.4,19.9,10.7,27.7,91.4,5.0,5.0
37.8,17.3,20.1,13.6,6.8,71.1,388.7,26.7,28.5,23.9,6.6,14.3,42.6,7.9,131.1,25292,-4.3,3.5,1272.0,550.5,1.3,21.6,16.3,4.3,77.2,24.6,17.1,35.5,81.5,6.9,5.6
28.6,20.6,17.4,18.4,8.3,71.1,1683.1,19.5,25.8,30.5,9.6,14.6,39.2,5.8,98.0,19880,-0.7,2.8,1093.2,446.0,0.2,16.1,10.6,3.2,83.7,24.7,25.0,34.0,45.3,6.6,5.2
36.9,19.6,19.2,11.1,6.7,73.7,397.8,19.7,28.6,26.0,7.9,17.8,23.4,5.4,93.4,20309,-6.3,2.7,671.3,547.2,1.4,32.3,25.7,5.6,66.4,22.3,21.1,23.0,58.7,4.2,4.7
39.2,19.5,17.2,11.1,7.1,69.8,307.2,20.4,28.7,25.4,7.9,17.5,19.3,6.5,81.4,19476,-11.1,-1.8,738.0,564.8,1.7,46.6,40.8,5.4,51.7,20.6,10.5,20.6,71.9,4.5,4.9
27.6,21.0,16.5,22.4,7.9,75.2,1345.8,16.6,25.2,33.6,11.4,13.2,49.6,3.0,98.3,21561,-3.2,5.3,1040.2,373.6,0.4,16.0,13.2,2.0,83.5,20.0,17.5,46.0,58.6,6.3,4.2
29.0,24.7,15.0,13.6,11.3,67.6,2152.1,19.2,27.2,29.7,8.7,15.2,29.7,6.8,138.9,17613,-3.1,5.9,1034.3,435.8,0.4,25.3,19.8,4.3,74.3,24.4,24.3,25.5,80.0,8.6,4.6
42.4,19.8,16.4,8.3,6.9,69.9,131.2,19.6,28.6,25.4,8.5,17.9,23.9,7.8,78.5,18017,-4.3,1.6,631.3,536.6,2.8,34.5,27.2,6.5,62.8,19.4,9.8,33.5,89.2,5.3,5.1
34.0,21.8,18.6,12.2,7.7,75.0,505.1,20.0,28.5,26.5,7.8,17.2,26.7,5.6,96.9,20790,-2.5,2.3,605.1,558.9,1.4,27.5,22.0,5.2,71.1,24.4,22.2,24.5,64.2,4.6,3.9
35.9,20.3,18.6,10.2,8.8,63.8,1222.2,21.1,26.6,26.6,8.7,17.0,33.4,6.3,97.8,19926,-4.0,0.9,882.9,443.4,0.4,27.5,23.2,3.6,72.1,25.5,17.0,29.6,116.6,9.9,8.4
37.7,17.8,20.1,10.4,6.8,72.9,198.2,19.6,27.8,25.4,8.4,18.7,21.7,6.3,91.6,19681,-4.0,0.1,588.9,533.4,2.1,30.3,23.3,6.6,67.6,24.5,9.6,33.4,63.0,4.8,4.6
33.8,19.9,20.2,12.1,6.7,74.3,339.1,19.8,28.1,25.2,8.0,18.8,16.4,2.8,89.1,22022,-8.1,-1.5,577.8,564.6,1.6,47.8,42.1,5.4,50.6,19.5,9.6,21.6,77.4,4.4,4.4
38.5,17.0,20.3,10.1,6.7,70.4,138.6,19.3,27.1,26.2,8.6,18.8,17.7,7.0,83.2,20776,-8.9,3.2,752.4,526.2,2.0,39.2,32.8,6.0,58.8,25.1,9.3,24.5,49.2,4.8,4.7
24.2,21.6,12.8,25.4,10.0,74.1,1449.9,16.3,25.4,32.4,10.9,15.0,43.8,6.0,86.8,17948,-0.3,1.6,949.5,369.6,0.4,13.3,10.1,2.7,86.2,25.0,16.1,45.1,57.5,6.9,3.1
34.1,19.8,17.4,16.7,6.4,74.7,181.7,20.1,28.1,25.3,8.0,18.5,27.4,3.5,94.4,20072,-2.8,1.0,639.4,524.9,5.1,28.6,21.1,7.1,66.3,28.0,11.2,27.0,48.4,4.3,3.1
32.4,21.2,16.7,16.0,7.3,72.6,232.1,19.2,28.3,25.8,8.1,18.7,19.7,6.2,92.2,18989,-4.8,3.5,615.3,522.1,4.5,35.2,27.4,7.2,60.3,21.7,10.9,27.7,73.9,3.9,3.5
37.7,18.3,17.5,13.0,7.7,68.9,225.4,19.7,27.6,25.7,8.5,18.5,23.9,4.8,82.9,19670,-6.7,0.6,802.7,543.5,3.2,33.4,26.9,6.0,63.4,25.9,11.5,26.1,74.1,4.8,4.2
38.3,16.8,21.1,9.3,6.1,70.7,182.4,20.3,26.8,25.4,8.4,19.1,22.8,5.1,93.0,20822,-9.1,2.5,756.0,563.5,2.2,44.3,37.7,6.1,53.5,19.8,9.8,24.0,63.4,4.9,4.9
36.1,17.5,21.0,11.6,6.9,69.6,202.2,21.7,27.3,24.8,8.4,17.8,22.5,5.1,85.0,21735,-6.4,3.1,805.7,539.2,1.8,35.6,30.2,4.9,62.6,21.3,14.8,26.5,85.6,5.7,5.8
39.1,15.8,22.6,9.4,6.6,70.2,183.4,19.4,26.3,26.1,8.6,19.6,19.7,5.8,81.2,22105,-10.3,2.8,798.7,535.1,1.3,51.8,45.8,5.3,47.0,18.3,8.3,20.4,58.6,5.0,4.4
31.8,18.9,21.3,14.9,6.8,70.9,339.3,20.3,27.2,26.6,9.2,16.7,25.8,5.1,96.3,19092,-4.3,2.1,696.2,488.2,2.2,25.1,20.1,4.4,72.6,26.3,14.1,32.2,56.3,5.3,4.6
31.5,22.6,17.1,15.3,7.2,68.1,275.7,19.7,27.9,26.1,8.0,18.2,22.5,6.2,75.2,19564,-4.9,1.7,685.9,517.3,2.2,33.3,26.7,5.5,64.5,25.2,11.6,27.7,70.8,4.8,3.9
37.8,18.6,18.9,12.1,6.3,68.4,147.1,20.3,27.4,25.2,8.3,18.9,18.3,5.5,73.4,18831,-3.0,3.7,655.8,535.6,3.1,32.3,24.3,7.0,64.6,26.0,10.5,28.2,40.8,4.4,3.2
33.8,18.0,20.1,14.9,7.0,73.5,256.8,19.7,27.1,26.6,8.4,18.2,27.2,4.9,95.0,20787,-6.4,4.0,751.0,542.6,1.9,36.7,30.8,5.5,61.4,21.6,13.5,26.3,49.6,4.9,4.8
29.6,19.1,16.4,20.8,7.8,77.5,425.3,15.6,27.7,28.4,10.7,17.6,36.6,5.6,79.4,19312,-2.3,2.5,629.3,485.6,1.1,23.0,17.8,4.6,75.9,19.7,11.9,44.3,66.5,4.5,3.6
36.1,16.9,21.8,10.2,7.6,69.8,206.3,20.8,28.0,24.9,8.4,18.0,19.0,4.0,89.0,21489,-6.3,-0.2,710.4,573.7,1.8,41.1,34.4,6.1,57.0,23.7,9.8,23.6,56.2,5.7,5.6
30.4,20.0,17.1,17.6,7.7,72.4,1028.6,18.5,25.4,30.7,9.3,16.0,38.0,4.9,92.6,21886,-6.1,-1.7,1316.9,469.0,0.4,22.5,19.1,2.6,77.1,27.0,18.6,31.5,49.1,5.8,5.5
39.0,16.6,18.6,12.6,6.1,74.7,139.9,18.2,26.8,26.5,8.6,19.9,18.1,4.6,80.5,19668,-7.9,5.2,572.8,552.1,4.2,38.9,30.7,7.8,56.9,22.5,10.2,24.3,31.9,3.9,4.4
43.5,14.0,18.8,10.6,5.6,72.2,134.4,17.7,26.5,26.8,8.9,20.1,21.0,4.4,81.9,19499,-8.2,2.8,763.6,577.6,3.4,43.1,35.9,6.2,53.5,18.4,9.4,25.7,36.6,3.6,3.7
36.2,17.0,20.2,14.1,6.4,73.7,312.4,20.7,27.3,26.1,8.1,17.8,26.5,6.0,87.1,20780,-8.0,1.5,799.6,546.6,3.3,37.0,31.7,4.8,59.7,22.0,12.7,25.0,48.1,4.1,3.8
38.0,15.2,18.8,14.2,6.6,71.8,169.4,18.5,26.7,26.9,8.7,19.2,23.3,5.3,93.4,19891,-4.2,4.2,775.3,527.5,3.4,30.7,24.4,5.7,65.9,23.1,13.9,29.0,25.6,3.8,3.9
42.3,14.2,20.4,10.0,6.3,70.0,108.8,18.8,26.9,25.9,8.8,19.5,22.2,6.7,89.2,18664,-5.9,2.6,756.4,538.1,3.6,33.4,26.2,6.8,62.9,21.5,8.4,33.0,66.4,5.1,5.0
44.8,16.8,12.9,9.6,7.5,63.6,932.6,19.0,25.5,29.7,8.5,17.2,26.1,8.5,93.0,18871,-5.4,-10.0,1226.9,642.8,0.6,44.0,41.0,2.6,55.4,19.0,13.9,22.4,121.6,4.8,5.3
32.1,19.3,17.6,17.5,6.7,73.4,4282.2,17.9,24.2,34.5,8.6,14.8,31.7,7.8,152.3,23550,-1.8,-3.1,1038.4,464.6,0.2,16.9,13.6,2.7,82.8,21.3,30.1,31.4,63.7,6.0,4.9
41.4,15.6,14.3,12.4,5.6,65.3,1635.6,19.9,27.0,28.5,8.5,16.2,30.0,6.3,126.4,20401,-1.2,2.0,1106.8,492.3,0.7,21.6,16.6,4.3,77.7,24.4,19.8,33.5,45.0,6.4,5.3
51.2,14.7,12.3,7.9,5.2,67.8,189.5,20.6,28.2,25.3,7.9,17.9,19.9,3.5,98.3,19272,-5.6,4.7,821.1,540.2,3.2,42.6,32.6,7.6,54.2,18.4,11.5,24.2,51.4,4.7,5.0
50.7,12.3,13.2,10.6,4.9,68.2,121.5,23.2,26.7,25.8,8.2,16.2,22.9,6.2,109.7,18626,-2.2,6.6,752.1,531.5,4.0,22.4,15.0,6.6,73.6,29.4,10.4,33.7,51.1,4.2,2.6
46.7,12.0,17.1,11.2,4.6,73.1,109.2,20.6,27.4,26.1,7.7,18.2,27.7,2.9,140.4,21775,-3.8,0.1,649.7,551.2,4.4,26.7,18.9,7.5,68.9,27.5,13.3,28.1,66.6,3.7,2.3
45.9,14.7,15.5,10.6,4.6,75.1,237.7,17.4,27.8,28.1,7.9,18.8,23.4,5.1,137.9,20823,-1.8,-0.5,533.3,522.3,3.4,24.8,16.4,7.7,71.9,26.7,16.6,28.6,60.8,3.2,3.3
42.4,14.9,16.9,13.1,4.2,77.7,232.8,18.5,27.0,27.5,7.3,19.6,27.3,3.4,131.7,22434,-3.0,4.0,584.9,527.0,4.2,21.5,15.6,5.7,74.3,33.0,15.4,25.9,59.8,3.0,2.6
51.4,15.7,11.2,7.8,5.3,75.3,102.7,16.9,26.7,27.3,9.2,19.8,16.4,3.6,84.5,18639,-0.5,5.9,542.1,533.9,5.3,30.1,20.6,8.2,64.6,23.5,13.1,28.0,81.4,2.2,2.8
45.5,12.4,14.7,12.0,4.8,73.3,145.1,15.6,27.3,28.9,8.1,20.1,18.1,4.1,137.5,19789,1.6,2.7,565.0,555.9,6.5,20.5,12.0,7.7,73.1,28.5,14.0,30.6,51.6,2.8,2.7
42.0,13.2,15.1,14.8,5.4,73.8,206.9,15.2,26.3,30.6,9.0,18.9,22.5,4.5,129.7,19492,-5.4,-3.0,921.2,535.7,2.7,19.0,14.4,4.2,78.3,45.6,14.0,18.7,58.0,3.3,3.3
40.6,16.4,16.4,13.7,4.8,77.2,467.2,20.5,27.6,26.8,7.3,17.8,34.3,4.7,122.8,21412,0.1,4.8,515.0,508.3,2.0,22.0,13.5,8.3,75.9,27.1,18.3,30.6,60.3,3.8,3.6
51.6,10.2,17.1,8.7,3.8,72.1,85.3,24.0,26.8,25.4,7.5,16.4,30.5,3.0,105.2,19869,1.0,0.9,760.9,512.1,3.1,14.2,7.9,6.0,82.7,34.0,10.4,38.3,37.4,4.4,3.3
43.7,13.0,16.2,13.2,4.8,74.9,141.9,18.0,28.1,26.5,7.6,19.9,22.1,7.4,126.5,20307,-2.6,2.6,657.9,563.2,4.3,26.0,19.5,6.3,69.7,22.8,11.3,35.6,75.2,3.7,3.9
48.1,12.2,17.6,10.2,3.9,73.8,110.6,21.8,27.3,26.1,7.4,17.4,18.9,6.2,157.7,23340,-2.1,2.7,747.7,575.0,4.7,24.5,17.7,6.6,70.9,30.5,12.9,27.5,42.1,3.9,2.9
52.6,11.9,12.8,8.1,5.0,67.2,136.9,19.7,27.8,25.9,8.1,18.5,19.1,6.6,112.9,19240,-4.0,-1.8,673.7,537.4,5.8,34.3,26.0,7.9,59.9,23.3,9.3,27.3,52.3,5.1,4.6
39.8,16.7,19.6,12.7,4.5,79.1,479.1,20.1,26.6,27.9,7.3,18.0,40.7,3.0,172.9,25924,-1.5,-0.5,1158.0,767.6,0.9,21.8,17.1,4.4,77.3,25.3,27.7,24.4,69.7,3.5,2.7
52.6,13.2,13.5,7.2,5.7,70.1,123.4,18.1,27.5,26.9,8.3,19.2,20.0,4.7,92.9,18657,-2.3,3.9,678.4,566.8,5.3,33.9,22.1,11.3,60.8,22.0,9.2,29.6,83.8,2.8,3.0
48.3,13.7,14.1,9.1,5.6,71.6,153.8,17.1,28.1,27.6,8.2,19.0,16.1,8.1,116.8,20235,-1.9,3.8,606.0,564.3,5.5,32.1,23.7,7.6,62.4,25.2,10.7,26.6,135.2,2.8,3.0
47.7,12.1,14.5,11.2,4.2,72.9,172.8,19.5,27.9,26.0,7.9,18.7,18.2,5.5,137.3,23077,-1.6,3.6,631.2,548.5,4.8,27.3,19.7,7.2,67.9,27.1,11.1,29.6,49.6,3.6,3.4
39.2,14.1,22.1,14.7,3.7,80.0,266.6,22.2,27.7,25.3,6.6,18.2,39.2,4.1,148.9,29104,-0.3,-0.1,748.3,583.8,1.9,23.3,17.7,5.6,74.8,22.1,20.4,32.3,75.3,3.2,2.4
47.7,12.7,12.8,12.1,5.1,70.3,111.2,21.7,27.8,24.9,7.8,17.8,21.7,5.8,114.9,19275,-4.9,4.9,774.9,557.3,4.9,33.0,25.0,7.7,62.1,25.3,10.9,26.0,58.2,4.1,3.0
43.4,14.6,14.8,11.7,5.7,74.0,135.4,20.1,27.7,25.3,7.9,19.0,21.6,5.4,102.7,20008,-4.8,0.1,718.8,547.2,4.6,36.2,29.0,6.8,59.2,22.0,10.5,26.7,95.1,3.5,3.5
44.3,14.8,15.0,12.0,6.2,66.7,953.3,22.0,26.8,27.6,8.3,15.3,29.1,2.7,98.0,20406,-2.2,-1.8,1142.3,496.3,0.5,17.1,13.0,2.7,82.4,21.4,17.9,43.0,45.5,6.0,6.4
40.2,17.1,16.4,10.4,7.8,65.5,727.7,21.8,27.5,26.9,10.6,13.2,31.4,5.2,136.6,18019,-3.8,5.3,1379.8,487.5,0.5,21.7,15.9,5.2,77.9,26.6,15.3,35.9,60.3,7.7,6.3
48.3,15.1,14.2,6.4,7.2,60.1,658.4,21.7,28.8,26.7,8.2,14.7,29.5,7.6,110.4,19514,-3.4,4.7,1204.8,511.8,1.0,21.6,18.1,3.1,77.5,30.4,14.4,32.7,117.2,7.2,6.5
46.4,14.5,14.6,7.0,7.4,62.2,135.7,18.8,28.7,26.6,8.4,17.5,20.3,5.6,109.1,18049,-2.1,3.7,822.0,552.7,4.8,31.8,19.8,11.6,63.4,23.9,10.6,28.9,62.4,5.2,5.0
46.5,14.5,14.1,5.9,8.9,60.0,81.0,19.4,29.2,25.3,8.3,17.8,20.6,5.4,91.7,16873,-1.6,3.3,634.6,543.6,7.0,31.4,21.2,10.0,61.7,24.4,7.2,30.1,38.6,5.2,4.4
48.6,16.0,13.5,7.7,5.6,68.3,106.0,17.7,27.4,27.1,8.4,19.4,17.8,6.7,98.3,18980,-3.1,5.0,659.5,566.1,5.8,33.8,25.1,8.3,60.4,23.4,11.3,25.7,46.2,4.1,4.4
50.4,12.2,14.3,8.5,5.5,71.1,110.1,17.1,28.3,27.2,8.1,19.4,9.5,5.9,117.0,19078,-3.8,4.1,594.4,580.1,7.1,37.4,26.3,9.0,55.5,22.6,13.3,19.6,62.2,3.3,3.6
46.0,14.7,15.3,7.0,7.9,63.0,122.6,19.8,28.4,26.0,8.1,17.7,15.6,4.7,114.1,18301,-3.1,3.0,625.5,558.5,6.0,32.7,24.1,8.0,61.3,27.7,8.2,25.4,38.5,5.4,5.5
46.4,17.3,13.3,5.5,7.7,60.4,81.4,20.1,29.3,25.5,8.4,16.8,15.9,7.4,86.9,16770,-3.2,2.5,672.7,532.2,6.0,33.5,24.8,8.3,60.6,23.0,10.8,26.7,35.5,5.0,4.2
50.0,13.1,14.2,7.4,5.5,63.9,92.2,20.4,27.7,25.3,8.1,18.4,17.7,7.4,110.3,18343,-0.5,2.5,698.5,576.4,7.9,33.2,20.1,12.7,58.9,23.9,9.8,25.2,9.1,4.3,5.0
53.5,11.6,13.8,4.8,5.4,71.3,81.2,17.8,28.5,26.5,8.2,19.0,19.3,5.9,103.9,17593,-1.8,6.6,516.9,570.6,11.1,35.4,25.5,9.7,53.5,19.1,7.2,27.2,46.7,3.8,3.6
50.1,14.5,13.5,5.6,5.7,65.2,103.3,18.4,28.5,26.3,8.5,18.3,21.3,3.7,86.0,18926,-5.1,-11.7,1002.2,588.8,7.2,52.4,47.3,5.0,40.4,18.0,8.3,14.0,28.6,3.9,4.3
39.6,19.3,13.5,9.0,8.7,64.3,871.9,22.1,27.7,26.2,8.5,15.6,31.6,7.0,81.5,18948,-6.3,6.2,1119.2,502.0,0.6,33.6,29.8,3.6,65.8,19.9,11.9,34.0,173.7,9.0,8.5
37.8,17.9,13.5,14.7,7.6,67.7,1663.2,19.0,25.3,32.1,9.3,14.3,36.6,5.6,91.9,19110,-7.4,1.6,1471.9,528.9,0.2,26.7,23.2,2.6,73.1,22.9,16.9,33.2,78.9,7.2,5.2
39.3,22.5,12.1,8.1,9.0,66.2,596.4,22.4,27.2,25.8,8.3,16.4,29.2,4.4,77.6,18251,-3.9,1.6,1351.8,538.9,0.5,18.3,14.3,3.4,81.2,34.9,14.7,31.5,97.4,8.5,9.8
42.0,20.1,12.3,7.7,7.9,72.0,84.2,19.6,28.4,25.1,8.8,18.0,7.7,6.1,73.6,17113,-2.0,1.1,530.1,562.5,6.2,35.5,25.3,8.6,58.2,21.4,8.1,28.8,81.6,4.9,4.9
51.4,13.0,12.4,6.1,7.4,64.6,85.0,19.4,28.7,25.9,8.5,17.5,16.1,5.0,100.6,17272,-3.0,2.0,765.7,576.6,6.3,38.1,28.0,9.9,55.6,22.5,8.6,24.5,36.3,4.8,4.2
49.3,13.4,12.9,8.9,5.7,73.7,95.3,17.8,27.8,26.5,8.7,19.2,24.9,4.7,89.5,18691,-1.7,8.8,675.4,553.8,5.3,35.8,22.6,12.6,59.0,22.8,11.1,25.0,35.8,3.3,3.3
43.6,20.8,11.5,6.5,7.1,73.9,68.5,19.0,28.2,25.8,8.6,18.4,15.7,7.3,75.7,17023,-5.5,2.9,539.3,569.7,6.8,41.1,33.7,7.2,52.1,17.3,8.4,26.5,49.9,5.2,5.6
45.7,16.9,13.6,8.2,6.2,72.2,131.5,17.1,29.4,26.7,8.2,18.7,10.9,4.9,97.5,18891,-5.5,4.7,457.4,574.9,6.0,32.5,23.8,8.5,61.6,26.7,11.4,23.5,40.1,3.6,3.8
43.6,21.2,11.0,6.0,8.4,68.5,97.1,19.6,28.2,26.1,8.4,17.8,22.3,4.8,94.3,17637,-3.7,0.8,719.2,574.6,4.8,36.1,30.0,5.6,59.0,22.8,9.8,26.4,112.6,4.9,5.3
47.9,18.0,11.8,6.0,7.2,73.0,69.5,21.3,28.4,24.6,8.2,17.5,14.3,4.4,95.8,17433,-4.5,4.7,639.9,567.2,6.9,40.0,29.7,9.9,53.1,20.3,9.1,23.7,59.7,5.8,4.7
39.8,16.4,13.4,14.5,7.8,69.3,1278.4,21.7,25.8,28.3,9.5,14.7,47.5,4.4,133.6,18474,-3.5,2.9,1427.1,492.3,0.5,29.2,25.3,3.0,70.3,23.3,14.2,32.9,110.5,6.6,6.4
38.5,19.7,16.1,12.2,6.3,67.0,1084.7,20.7,26.3,27.1,12.2,13.8,33.5,6.0,96.7,19210,-3.0,1.5,1183.3,475.5,0.5,20.6,15.3,4.1,78.9,20.4,15.4,43.1,104.4,7.5,5.8
37.8,23.4,12.9,11.4,7.7,68.6,852.7,23.3,28.1,25.0,8.5,15.1,32.8,7.8,83.0,21240,-3.0,-0.6,1490.1,529.0,0.3,26.6,23.7,2.3,73.1,18.2,26.1,28.9,83.9,7.5,6.7
40.0,21.6,12.8,7.9,9.2,66.9,806.1,24.1,28.2,24.4,8.1,15.2,28.2,9.1,93.2,17766,-2.3,0.3,1119.4,473.1,0.5,21.2,17.7,3.1,78.3,26.6,17.6,34.2,157.3,7.8,5.8
49.1,13.8,12.9,7.2,6.6,74.9,123.7,17.1,28.3,27.1,8.6,18.9,0.0,5.7,96.7,18494,-0.8,-1.6,483.1,580.2,6.1,33.9,24.2,9.5,59.9,28.3,9.9,21.8,86.2,4.0,3.9
46.2,19.5,12.6,8.0,5.7,73.6,83.6,20.2,28.8,25.5,7.9,17.6,12.3,2.8,85.4,17812,-4.4,1.7,494.5,577.9,7.7,33.7,24.3,9.2,58.6,26.3,9.2,23.1,62.2,4.7,4.0
41.6,24.0,11.9,8.0,7.3,72.2,150.6,21.3,29.0,24.5,8.1,17.1,13.5,7.0,89.7,21705,-5.7,-0.2,609.1,562.2,3.5,48.7,41.9,6.5,47.8,21.9,6.9,19.0,118.3,6.0,6.5
46.2,15.8,13.8,9.7,5.5,75.3,176.2,18.4,29.0,25.6,8.5,18.5,23.2,2.4,95.8,19308,-2.6,3.4,507.4,584.1,6.7,30.4,23.1,7.0,62.8,24.0,10.7,28.1,49.8,4.2,4.8
43.9,23.0,11.1,6.7,7.5,71.7,113.4,24.4,28.7,23.3,7.3,16.2,15.5,4.7,77.8,18326,-3.4,7.0,680.4,553.0,3.9,41.7,34.2,6.9,54.4,24.0,7.5,23.0,104.9,6.1,5.7
47.5,22.8,10.9,5.1,6.5,71.3,108.9,22.3,29.4,24.9,7.5,15.8,21.9,5.7,66.0,20524,-5.8,-5.5,747.7,568.5,3.2,45.6,39.8,5.4,51.2,18.1,11.0,22.0,103.5,5.9,5.6
47.1,20.7,10.7,7.4,6.7,73.0,113.9,21.9,29.2,25.0,7.5,16.4,20.5,5.8,96.6,18794,-2.4,3.3,732.8,576.7,3.9,36.3,27.8,7.7,59.8,22.6,10.1,27.0,112.0,6.1,6.6
51.9,16.7,11.4,6.1,5.6,72.2,131.3,21.1,28.6,25.5,8.0,16.8,17.9,5.8,79.5,17893,-3.3,-0.7,789.1,556.4,3.7,32.1,26.1,5.8,64.2,28.8,9.8,25.7,99.5,5.6,5.1
39.2,25.3,10.7,6.9,9.4,68.8,127.8,25.6,29.2,22.8,7.2,15.2,26.9,7.2,74.4,18704,-5.2,-0.5,758.4,550.6,2.3,37.9,32.7,4.5,59.8,21.6,10.3,27.9,79.7,7.7,6.0
34.3,22.4,12.6,12.3,9.3,64.8,404.6,22.3,27.1,25.5,8.8,16.4,32.9,4.8,92.6,18243,-2.4,0.4,1272.4,515.8,1.4,20.5,18.1,2.2,78.0,24.7,15.4,37.9,60.9,6.9,7.9
31.9,21.6,14.5,16.0,7.3,75.8,1371.7,19.1,25.2,30.4,9.4,15.9,40.2,4.4,77.7,19680,-6.5,10.1,1311.1,470.6,0.4,34.0,31.3,2.2,65.6,14.3,16.9,34.3,44.7,4.4,4.1
30.0,23.9,13.4,12.6,10.5,67.4,1800.2,19.0,27.7,28.3,8.3,16.7,23.2,9.0,128.1,21356,-4.8,-0.9,737.4,463.8,0.8,25.8,21.3,4.1,73.4,26.1,18.9,28.4,146.9,8.0,8.2
31.8,23.6,12.8,13.0,9.5,69.3,2702.4,20.8,26.4,29.6,8.4,14.8,27.8,9.7,111.3,18975,-3.1,2.2,1104.7,431.4,0.5,19.4,15.5,3.0,80.1,24.8,26.4,28.8,101.6,8.7,8.5
35.6,22.5,13.9,11.4,8.5,71.0,949.3,21.1,27.7,26.1,7.6,17.4,26.4,8.0,100.9,20712,-3.8,-9.2,754.9,568.0,1.2,29.1,23.3,5.4,69.6,27.1,13.3,29.2,47.1,5.3,5.4
40.7,18.0,14.5,10.0,6.9,71.6,91.6,19.1,27.6,25.6,8.7,19.0,18.3,7.5,79.8,18283,-3.5,6.5,632.9,568.1,6.6,39.8,30.6,8.9,53.6,21.5,7.7,24.4,60.8,3.9,4.7
39.1,20.5,15.1,11.5,6.0,77.3,232.1,18.2,29.5,25.8,8.1,18.4,36.1,5.0,89.7,24683,-5.7,-4.3,624.9,590.1,2.5,42.9,38.1,4.6,54.7,22.6,11.0,21.1,53.8,2.9,3.1
35.5,21.9,14.8,11.1,7.6,76.8,372.2,20.5,30.0,25.4,7.3,16.8,36.3,4.8,113.7,20750,-0.9,11.7,423.4,568.3,2.6,31.6,23.3,8.0,65.8,24.5,14.5,26.8,91.3,3.9,4.4
36.0,23.0,13.5,12.3,6.7,76.3,208.2,21.3,29.0,25.1,7.5,17.1,24.5,8.9,100.3,22145,-5.5,5.9,620.5,561.1,2.5,34.5,28.6,5.6,63.0,23.4,12.3,27.3,58.0,3.6,3.9
41.5,17.8,13.7,10.6,6.7,71.7,77.3,19.6,28.3,25.0,8.5,18.6,21.0,4.9,84.1,18321,-1.9,3.6,646.1,565.7,8.1,30.0,22.5,7.1,62.0,23.2,12.7,26.1,50.3,3.7,4.6
41.2,19.4,13.9,10.5,6.6,75.7,138.9,19.3,28.4,25.7,8.2,18.4,18.3,4.7,109.7,19640,-1.6,2.9,593.2,579.8,4.5,31.6,22.7,8.7,63.9,24.1,10.1,29.7,80.6,3.5,3.6
41.3,20.7,12.4,9.8,6.9,70.7,95.4,20.7,28.3,24.1,8.5,18.4,18.8,6.4,117.0,18223,-3.9,2.9,693.3,556.2,5.7,32.7,25.8,5.7,61.6,22.0,9.6,30.0,102.0,5.1,5.1
36.6,18.1,15.4,13.2,8.2,67.5,1100.1,20.3,27.3,27.9,8.2,16.3,35.1,4.2,130.3,20639,-3.6,-7.5,1316.8,547.1,0.3,22.5,18.3,3.8,77.2,31.4,17.3,28.6,71.5,7.1,7.5
37.1,21.7,11.3,9.0,13.8,64.0,1499.5,24.2,26.7,24.7,9.0,15.3,33.6,4.6,124.9,17233,-9.4,-1.3,1837.5,465.6,0.2,42.7,38.6,3.2,57.1,18.3,13.6,25.2,104.0,8.4,7.5
35.2,18.4,14.2,17.8,6.6,71.0,1520.0,19.5,24.7,30.9,13.1,11.9,37.6,6.9,86.9,19058,-0.8,4.2,1163.6,419.4,0.5,13.7,10.6,2.5,85.8,24.7,17.5,43.6,72.3,5.8,3.7
41.2,17.3,15.8,10.7,6.2,75.6,247.4,19.4,29.1,25.5,8.1,17.9,18.0,6.8,113.5,20349,-6.6,0.4,601.2,584.5,2.0,37.0,28.1,8.5,61.0,28.9,13.8,18.4,71.1,3.7,4.2
47.8,14.1,13.9,8.3,8.5,73.5,92.3,22.5,28.6,23.7,8.0,17.1,23.4,3.3,69.5,17922,1.4,1.3,732.8,575.0,3.9,24.6,14.9,9.4,71.6,23.7,8.9,39.0,58.8,5.1,4.6
49.9,13.0,14.3,8.0,8.0,73.6,81.7,20.1,28.4,25.0,8.4,18.1,20.1,3.7,70.0,17869,-2.3,1.6,733.2,555.2,4.9,34.5,27.1,6.9,60.5,21.5,8.8,30.3,42.7,4.6,4.9
44.2,17.4,13.4,7.0,9.2,74.4,89.3,18.9,29.3,25.1,8.6,18.1,18.6,6.7,77.5,17367,-4.6,-1.7,665.1,577.8,5.4,39.9,32.7,7.0,54.7,20.4,10.1,24.2,87.8,4.5,5.3
42.8,17.1,14.4,9.5,6.9,72.8,129.6,19.2,27.9,26.2,8.6,18.1,28.8,3.3,97.3,19254,-3.8,4.4,736.7,571.2,7.3,29.4,24.0,4.9,63.3,26.5,8.2,28.7,91.8,3.9,3.7
43.0,17.5,15.4,9.5,6.3,73.3,180.3,19.5,27.8,25.7,8.3,18.7,19.7,6.4,116.8,19278,-3.6,-4.1,651.3,556.7,2.3,39.4,32.0,7.1,58.3,24.7,11.8,21.8,58.4,4.6,4.9
44.4,18.1,12.7,10.2,6.5,74.8,97.3,20.5,29.0,24.8,8.2,17.4,21.6,3.7,84.5,18688,-9.2,0.1,726.2,575.0,3.4,45.7,38.2,7.1,50.9,19.4,8.1,23.4,58.0,3.4,4.6
45.6,15.6,12.6,8.9,9.3,77.0,134.8,20.2,29.1,24.4,8.4,17.9,0.0,8.2,73.7,18220,1.0,6.9,439.8,574.8,6.7,24.2,13.8,8.2,69.1,29.4,10.9,28.8,35.4,3.6,4.3
41.3,18.9,13.5,12.1,6.0,78.7,165.2,18.6,29.5,25.7,8.4,17.8,12.1,2.9,85.4,18569,-2.1,-1.4,489.1,570.6,5.5,26.1,18.5,7.4,68.4,29.3,14.1,25.0,69.9,3.3,3.2
37.9,19.0,12.8,13.0,8.0,65.7,1795.5,20.7,25.8,28.6,9.4,15.5,30.7,6.5,116.6,17289,-4.3,0.4,1000.0,432.2,0.3,23.8,19.3,3.1,75.8,23.2,18.5,34.2,157.5,8.3,7.2
44.1,13.6,16.9,9.6,7.5,64.5,1046.2,22.9,27.1,24.6,8.5,17.0,25.4,8.6,105.2,19040,-2.2,-0.4,864.9,484.2,0.8,21.4,16.3,4.5,77.8,23.8,12.8,41.2,81.5,7.3,7.9
40.0,15.5,16.4,11.0,7.3,65.3,979.9,22.9,26.0,25.3,9.0,16.7,23.2,10.3,110.0,20264,-4.3,0.9,1171.6,525.7,0.6,20.9,17.3,2.6,78.4,29.3,17.5,31.7,89.9,5.9,7.7
41.0,16.5,16.8,9.8,6.6,67.1,585.8,21.7,26.7,25.9,8.3,17.5,27.1,5.4,101.4,21975,-5.5,4.2,1331.2,531.8,1.2,34.5,27.5,6.8,64.3,25.2,14.8,24.3,56.7,6.0,6.4
48.1,13.0,15.5,9.1,4.9,74.3,163.9,18.0,27.8,26.7,8.2,19.3,12.6,7.3,116.3,20775,-1.9,1.1,560.5,554.0,5.2,31.0,21.6,9.4,63.8,28.9,10.8,24.1,64.0,3.6,3.9
45.2,14.8,15.8,9.4,5.7,72.3,224.0,19.1,28.0,25.9,8.2,18.9,15.5,7.8,118.5,20051,-3.7,-0.3,572.5,557.3,3.1,31.9,24.3,7.4,65.0,26.0,13.9,25.2,89.8,3.8,4.0
47.3,13.2,16.2,7.5,6.0,68.4,118.7,18.1,27.4,25.9,8.8,19.7,23.0,6.5,94.2,19554,-4.2,7.1,650.0,566.7,5.1,35.2,26.9,7.8,59.7,22.9,9.4,27.5,94.8,3.5,3.1
48.2,13.5,15.0,7.1,6.0,68.2,158.2,18.5,27.5,26.2,8.6,19.2,23.8,9.5,98.3,19442,-1.9,4.6,758.9,558.6,3.3,36.1,26.2,7.9,60.6,21.0,10.9,28.6,66.2,4.0,4.7
40.2,16.8,16.7,10.4,6.9,70.6,320.3,19.2,27.3,26.8,8.5,18.2,19.5,7.0,103.2,19837,-7.2,2.9,690.8,545.9,1.8,36.5,31.1,5.3,61.7,29.3,11.4,21.0,90.3,4.4,4.9
42.3,14.4,16.2,12.9,6.2,72.1,246.9,22.0,26.8,25.5,7.6,18.2,26.2,5.0,100.5,20254,-4.0,6.4,764.0,540.9,4.2,36.5,29.9,6.0,59.3,23.1,11.9,24.3,44.3,4.0,4.0
48.4,11.5,16.0,9.7,4.8,72.5,96.1,19.9,27.2,25.5,8.2,19.2,16.6,4.0,104.9,19415,-5.3,6.9,704.3,542.5,6.4,37.0,27.1,9.7,56.6,24.0,7.9,24.7,48.8,3.8,4.2
47.2,10.7,18.1,8.1,5.3,71.0,110.0,20.1,26.8,25.3,8.2,19.5,15.0,3.1,102.9,20548,-5.6,0.2,693.2,571.5,6.6,40.4,28.5,11.6,53.0,22.8,7.9,22.3,50.1,3.3,3.6
49.1,15.1,13.5,7.8,5.8,72.2,101.3,19.0,27.2,26.3,8.5,19.1,17.4,4.0,100.6,19711,-3.3,2.9,859.1,580.3,5.1,38.3,32.2,5.8,56.6,22.1,12.2,22.2,46.6,3.0,3.2
47.9,11.3,16.8,10.6,4.6,74.1,98.3,20.9,27.7,25.4,7.9,18.1,13.2,3.1,103.7,19554,-2.7,2.9,701.0,554.6,5.6,29.6,21.6,7.4,64.9,31.7,9.5,23.7,38.7,3.7,3.7
27.2,24.3,12.0,8.1,23.8,71.4,812.1,22.0,29.4,25.4,8.4,14.9,44.1,6.4,93.9,17917,-3.6,-0.5,918.2,521.4,0.5,20.1,14.4,3.9,79.4,24.0,22.3,33.1,133.4,10.4,9.5
34.3,24.6,12.6,6.2,17.7,74.5,189.6,21.1,29.6,24.8,7.8,16.7,46.1,5.1,84.9,15365,-3.4,2.9,605.7,581.0,1.6,28.2,21.3,6.6,70.2,30.7,8.7,30.7,86.6,5.7,6.0
28.2,28.0,10.3,5.3,23.2,72.6,556.0,23.0,30.0,23.8,8.1,15.1,38.7,7.2,73.7,18122,-4.6,-1.8,573.0,555.5,0.9,25.9,17.2,8.1,73.2,26.4,11.9,34.8,134.3,7.9,8.4
32.1,23.6,12.6,6.5,20.6,74.5,445.4,21.9,30.0,24.4,8.0,15.5,42.8,3.8,85.3,17077,-14.5,7.6,711.6,569.3,0.9,36.4,27.1,4.8,62.7,25.1,12.7,24.9,117.3,6.6,6.7
31.0,23.5,12.7,7.2,19.6,75.2,357.7,23.0,29.9,24.2,7.7,15.2,49.1,4.4,80.3,21198,-7.9,-0.3,817.5,583.3,0.9,36.5,31.2,4.9,62.6,22.3,12.9,27.5,113.3,6.5,7.6
37.6,25.5,10.1,5.1,17.4,78.5,191.4,22.0,30.3,24.0,7.9,15.7,45.9,4.5,73.6,26300,-5.3,1.8,565.3,586.2,1.1,31.1,24.2,6.4,67.8,24.3,11.7,31.8,159.3,4.9,4.1
22.8,20.2,11.5,17.4,20.2,70.9,3861.5,19.1,27.0,30.8,8.6,14.4,41.4,8.9,121.1,15843,2.0,4.6,704.7,317.8,0.3,12.9,7.8,4.5,86.8,23.1,23.6,40.1,113.8,14.1,15.3
24.4,28.6,6.7,4.8,28.7,60.1,315.8,26.5,29.5,23.7,8.8,11.4,53.3,8.2,72.2,15444,-1.3,5.3,800.0,436.3,0.7,22.1,15.1,6.3,77.2,20.2,16.0,41.0,113.3,15.1,15.5
22.2,25.0,8.6,5.7,30.5,63.3,618.9,22.8,29.9,25.8,10.2,11.3,51.0,6.6,78.5,16023,0.1,2.2,938.1,456.5,0.7,10.0,4.6,4.1,89.3,23.3,20.5,45.5,102.4,14.5,15.4
22.3,23.5,7.6,5.8,33.7,64.1,410.2,22.7,31.6,24.0,9.7,12.0,63.8,6.8,103.6,15368,2.6,14.2,1016.9,453.1,0.8,11.5,6.1,4.6,87.7,19.9,17.9,49.9,123.9,15.3,15.1
18.2,25.9,8.9,11.9,28.8,72.0,825.1,19.9,26.0,30.4,9.3,14.3,64.2,4.5,113.2,16849,3.6,4.7,1056.5,406.3,0.5,6.9,2.7,3.4,92.6,16.7,23.5,52.5,83.0,8.4,8.5
21.8,22.0,8.8,6.5,33.4,66.3,120.2,21.2,32.1,25.3,8.1,13.3,50.4,7.6,94.3,16581,0.6,5.0,529.1,513.5,2.6,21.1,10.1,10.3,76.3,26.1,12.8,37.4,112.4,11.4,13.7
23.6,25.8,9.3,6.0,27.3,70.0,71.5,23.1,30.7,25.1,7.7,13.5,48.3,7.1,104.6,17276,-0.4,2.5,650.5,541.5,4.1,20.5,10.5,9.2,75.4,32.5,13.2,29.6,86.2,8.5,9.2
28.5,22.6,9.2,3.3,27.4,67.3,60.1,25.0,31.6,23.5,7.8,12.1,51.4,9.8,62.5,15549,-0.8,2.5,586.5,542.3,6.4,28.4,17.2,10.4,65.2,22.4,9.8,33.0,57.9,15.9,14.1
24.6,25.5,11.1,7.1,24.7,67.8,90.2,20.9,30.8,25.1,7.8,15.4,47.4,10.2,93.6,16530,-0.6,2.2,524.1,509.2,4.7,29.5,19.2,9.4,65.9,27.6,11.2,27.1,112.7,11.2,11.0
21.7,22.3,8.9,5.6,33.3,67.1,88.9,21.6,32.6,24.6,8.1,13.1,49.5,7.8,96.5,16314,0.4,6.7,505.3,529.5,4.5,20.7,8.5,11.5,74.7,26.5,12.3,35.9,85.1,12.7,12.1
24.6,25.8,10.7,7.2,24.5,68.0,112.8,21.2,30.7,25.7,7.6,14.8,44.9,7.8,89.8,16717,-0.3,-2.4,515.6,515.3,2.9,27.9,17.1,10.4,69.2,25.3,13.8,30.1,52.4,11.2,12.0
25.8,24.2,8.5,3.6,28.7,63.7,101.4,26.0,30.9,23.6,8.0,11.4,46.1,10.4,54.9,15747,-5.6,-0.6,605.0,520.2,3.5,29.0,17.9,9.8,67.4,23.7,15.0,28.8,81.8,17.0,14.5
22.5,24.3,9.2,5.4,30.7,67.6,82.5,23.3,31.7,24.5,8.0,12.6,49.2,11.4,81.6,16273,-2.5,-2.9,573.0,526.1,3.3,27.3,13.3,11.2,69.4,25.7,11.8,31.9,93.8,12.1,13.3
23.5,27.0,8.7,5.0,29.6,61.7,41.4,22.4,32.3,24.2,8.4,12.7,47.9,8.3,74.0,15194,-0.1,5.6,641.5,525.3,7.1,23.2,12.5,10.1,69.8,24.0,11.7,34.1,95.5,15.7,14.4
24.8,26.7,11.0,8.1,23.4,71.6,79.4,20.6,31.6,25.1,7.5,15.2,55.9,6.7,103.0,18075,-0.7,0.9,561.3,541.4,5.5,22.2,9.6,12.4,72.3,29.2,13.8,29.3,78.3,8.2,9.7
24.2,29.4,8.6,3.5,28.5,64.5,39.1,25.7,32.4,21.9,8.1,11.9,45.8,10.8,80.8,15738,-0.7,0.5,651.8,521.2,7.1,25.7,15.2,9.9,67.2,24.6,12.1,30.5,88.5,15.2,14.4
25.9,23.4,9.3,4.3,28.4,66.8,78.0,23.8,33.2,23.3,7.9,11.8,58.3,6.2,79.9,16062,-1.3,9.0,565.0,545.2,3.8,39.8,15.6,11.4,56.4,21.2,9.0,26.1,63.1,13.1,11.2
23.3,26.3,10.5,6.1,26.6,67.8,77.4,21.1,30.4,26.0,8.2,14.3,45.1,9.7,87.5,17322,-3.8,0.8,651.6,539.2,3.6,34.0,24.9,8.6,62.4,28.2,10.9,23.2,92.9,10.0,11.6
24.6,26.6,7.7,3.9,30.4,63.5,42.9,23.7,32.8,22.9,8.0,12.6,42.0,10.9,63.6,14807,-1.5,-2.6,599.7,501.2,6.3,24.6,15.5,8.3,69.1,23.4,11.1,34.6,78.7,18.0,17.2
32.8,13.7,10.4,9.8,26.4,63.8,1076.3,19.3,26.1,28.2,14.5,11.9,46.5,7.8,75.3,14772,1.3,-1.0,809.1,397.8,1.1,11.5,7.6,3.5,87.4,20.0,24.2,43.2,58.5,13.7,11.7
30.3,17.4,8.1,5.0,33.9,64.4,760.4,21.8,31.3,24.3,10.3,12.2,50.7,9.6,76.8,15711,-1.2,-4.3,1030.8,452.4,0.5,14.0,8.5,4.7,85.5,22.7,21.7,41.1,235.3,15.1,13.9
25.8,18.5,9.1,9.0,31.5,65.5,1111.3,23.2,26.7,27.2,11.5,11.5,53.0,11.5,92.2,15251,-2.4,6.3,778.8,368.8,0.5,12.4,7.8,3.3,87.1,25.0,20.6,41.5,66.3,13.7,12.0
29.0,21.0,8.7,7.4,29.0,65.8,728.1,23.9,29.2,25.4,9.3,12.2,48.0,10.1,85.8,15607,-0.9,2.7,1024.1,412.0,0.4,12.8,6.9,4.6,86.8,21.9,20.9,44.0,100.5,13.6,13.3
38.2,13.5,9.8,5.2,27.7,60.8,1479.6,25.3,28.0,24.9,9.8,12.0,49.9,7.5,69.3,15070,-2.4,10.3,890.0,406.6,0.4,13.2,7.7,4.8,86.5,22.4,17.6,46.4,65.7,16.1,16.0
28.4,21.4,8.7,6.1,30.2,61.8,1068.2,24.9,28.3,25.6,9.9,11.3,43.2,21.1,76.9,15087,-4.1,-2.4,767.5,409.1,0.5,26.6,19.5,6.4,72.9,19.0,15.6,38.3,78.0,15.4,13.7
33.6,16.8,11.3,5.7,27.4,68.1,86.2,19.4,34.0,24.8,7.6,14.1,39.5,10.7,111.9,16177,-1.4,4.7,581.4,547.3,4.2,21.8,10.5,10.9,74.1,34.7,14.1,25.3,56.2,9.4,8.9
37.9,12.3,9.7,3.3,30.6,58.4,42.0,23.0,32.5,23.3,7.7,13.4,35.8,14.4,52.9,14361,-1.2,-4.1,536.5,491.9,9.1,22.2,10.8,9.4,68.8,24.1,10.0,34.7,217.1,18.3,13.9
35.1,17.5,9.7,4.6,27.7,59.4,48.5,22.5,31.5,24.0,8.2,13.7,35.8,15.7,71.7,14853,-1.4,4.3,598.3,483.9,6.8,19.0,11.6,6.7,74.2,23.5,10.0,40.7,62.6,14.5,13.3
32.4,20.3,10.3,4.5,26.4,65.6,49.1,20.1,32.0,25.5,8.3,14.1,37.4,11.1,71.1,16148,-1.8,0.3,573.2,541.5,7.2,32.6,22.8,9.2,60.2,24.5,10.0,25.8,65.2,9.8,9.7
34.3,15.8,8.9,4.4,30.4,64.2,37.6,22.1,33.6,23.6,7.6,13.0,44.7,12.9,65.8,15051,0.0,7.8,516.8,531.0,6.3,17.5,8.1,8.8,76.2,26.3,8.8,41.2,201.4,15.1,11.0
33.8,17.6,9.0,4.8,29.6,61.4,38.1,22.2,31.8,24.5,8.1,13.4,40.3,15.9,74.0,15086,-2.0,2.9,653.9,509.3,5.8,23.4,15.6,7.2,70.8,30.2,7.9,32.6,184.7,12.7,9.6
38.3,13.3,10.9,4.2,28.0,60.6,49.1,22.7,32.9,23.9,7.5,13.0,31.0,12.6,73.2,14922,0.2,3.7,533.9,524.3,6.8,16.8,7.0,9.4,76.4,30.1,7.3,39.0,43.6,14.9,12.7
33.0,18.2,9.7,5.5,28.4,63.0,56.4,19.0,31.8,26.2,7.9,15.1,30.8,15.9,83.4,15417,-2.2,0.2,459.7,532.3,7.7,28.9,15.2,12.7,63.4,26.5,7.6,29.2,63.7,11.3,11.3
38.1,11.6,11.0,4.0,27.3,60.3,55.4,23.0,32.7,23.3,8.0,12.9,31.9,14.4,69.3,14619,-1.0,6.8,601.0,510.1,4.6,15.8,8.0,7.2,79.5,32.2,10.5,36.8,60.5,15.9,13.5
34.7,17.9,9.7,4.7,28.0,63.9,43.4,21.9,33.7,23.6,7.7,13.1,35.6,12.7,63.2,15793,-0.5,3.2,537.5,528.7,7.6,23.0,11.6,10.8,69.4,24.1,11.0,34.3,44.6,11.6,10.7
34.9,11.6,12.9,4.6,30.4,57.8,69.7,23.0,33.3,23.0,8.4,12.3,33.0,10.4,90.9,15039,-2.5,5.8,680.1,469.0,4.3,11.5,5.2,5.5,84.2,44.2,11.3,28.7,34.1,12.4,11.1
35.4,13.7,8.4,2.9,29.8,62.2,45.0,23.3,33.2,23.0,7.9,12.6,32.4,12.0,69.6,13919,-0.7,3.6,628.0,482.2,5.0,16.1,9.4,6.0,78.8,18.3,13.2,47.3,179.4,17.2,14.2
30.5,17.1,12.7,7.1,28.6,66.2,1100.7,27.1,28.6,24.3,8.3,11.7,38.5,9.6,91.4,16641,-2.4,-4.0,946.7,479.8,0.4,20.6,13.0,6.1,79.0,22.3,24.5,32.1,149.2,13.3,13.0
38.3,12.5,13.7,3.9,25.4,64.7,203.7,24.9,31.3,23.3,7.5,13.0,34.5,6.1,68.0,15548,-2.8,1.1,618.7,536.0,2.5,38.3,26.9,10.6,59.2,21.6,9.3,28.2,102.8,13.2,11.3
38.5,13.6,13.7,4.4,24.4,64.9,157.2,25.5,30.0,24.0,7.8,12.8,38.9,7.9,68.5,15968,-3.4,5.5,661.7,535.1,3.8,34.5,24.4,9.6,61.7,22.1,11.7,27.9,102.4,11.7,11.2
36.7,15.0,12.5,5.0,26.1,64.3,175.1,26.6,30.6,23.2,7.4,12.2,36.4,8.2,69.8,16062,-3.0,1.9,673.8,536.4,2.7,33.9,24.3,9.1,63.5,22.9,10.9,29.7,130.7,12.1,11.3
36.0,14.9,12.4,4.6,27.3,63.9,363.5,26.2,30.1,23.5,7.8,12.4,37.8,8.2,73.9,16050,-2.8,-0.2,734.8,518.2,1.9,32.2,23.1,8.1,65.9,22.6,14.9,28.4,115.7,12.6,11.3
33.6,15.0,13.6,12.6,21.2,67.6,1574.9,22.2,23.6,30.0,10.8,13.3,45.3,8.0,117.9,16135,-1.5,-1.7,893.3,390.3,0.4,16.6,10.9,4.9,82.9,21.2,23.8,38.0,128.8,11.6,13.3
38.8,12.7,14.0,4.5,23.7,65.4,136.0,24.8,30.1,24.0,7.8,13.3,39.6,9.7,63.6,15987,-3.1,0.7,665.1,540.5,2.8,32.0,21.4,9.4,65.2,23.0,12.6,29.6,107.6,12.1,10.9
37.4,12.6,13.1,4.8,24.6,62.7,133.5,26.7,30.5,22.5,7.5,12.8,33.6,9.0,91.9,15003,-0.5,0.2,628.0,505.5,3.0,27.8,17.8,8.3,69.2,22.5,11.3,35.4,116.1,15.8,14.3
37.5,13.1,14.5,5.8,22.7,64.7,175.2,25.2,29.7,24.3,7.5,13.3,37.3,8.5,76.7,16303,-4.3,4.6,685.0,505.4,3.5,33.5,23.6,9.1,63.0,24.0,11.2,27.8,115.5,11.8,11.3
40.3,12.0,14.3,5.3,20.8,65.5,153.5,25.1,29.5,24.2,7.7,13.5,38.1,9.5,75.7,16094,-1.4,3.6,619.6,525.6,4.2,30.8,18.7,11.1,65.0,23.8,10.0,31.2,88.5,11.7,12.3
28.0,18.1,12.3,12.0,25.5,66.1,1744.9,22.6,25.2,30.2,9.5,12.5,44.7,10.2,116.0,15157,-0.4,0.5,841.8,366.3,0.3,15.9,9.2,5.5,83.8,22.6,26.8,34.4,227.1,15.1,14.6
36.7,16.0,13.2,5.1,23.8,64.2,163.7,23.8,30.9,24.5,7.7,13.1,36.7,8.4,81.5,16432,-1.0,4.1,560.4,526.7,3.8,29.6,16.5,11.8,66.6,25.9,11.4,29.3,167.0,12.8,12.9
35.6,15.7,12.7,4.4,25.7,61.4,103.3,23.3,30.9,24.7,8.1,13.1,40.5,10.5,83.0,15658,-0.3,6.5,660.1,520.8,4.9,28.6,16.3,11.1,66.4,26.3,12.2,28.0,129.4,13.5,13.6
29.0,17.2,10.4,6.4,32.2,61.7,358.8,28.0,30.8,22.5,7.7,11.0,41.0,5.9,72.1,16134,-2.3,6.3,799.3,468.3,1.4,18.4,12.2,5.8,80.3,23.3,21.3,35.7,165.2,14.7,15.0
25.9,16.2,11.1,9.3,32.1,62.3,1720.7,23.5,26.8,26.8,10.1,12.8,40.5,11.2,73.3,15294,0.3,-0.3,799.9,368.5,0.3,12.2,5.5,5.2,87.5,21.4,24.0,42.1,120.9,13.9,12.8
26.9,19.3,8.9,7.6,32.1,61.1,1147.8,23.8,27.3,26.5,10.5,11.9,45.2,9.7,92.8,15556,-2.1,3.8,902.1,424.1,0.3,14.0,7.3,5.7,85.7,21.6,25.3,38.8,209.5,13.5,14.4
31.2,17.8,8.7,4.7,32.6,63.0,39.5,22.0,31.2,24.4,8.3,14.0,32.5,11.3,58.0,15519,-2.5,-7.2,608.4,541.2,7.2,27.3,17.1,8.5,65.5,23.4,10.1,31.9,96.5,12.6,12.9
30.9,16.7,10.4,3.8,32.7,59.1,123.4,25.0,31.3,23.6,8.2,11.9,36.8,11.3,62.9,15483,-8.8,5.0,626.2,509.0,2.9,33.6,26.1,6.4,63.5,22.7,12.6,28.2,142.3,14.0,12.5
31.7,18.0,11.0,4.1,30.2,61.2,76.4,21.0,32.1,25.6,8.0,13.3,31.3,9.3,62.2,16136,-6.2,10.6,568.8,556.9,4.4,30.9,21.4,8.0,64.8,26.8,9.7,28.3,194.3,9.8,11.4
31.7,15.5,11.3,3.8,31.9,59.6,138.9,25.9,30.9,23.4,7.8,11.9,37.2,12.3,62.2,15609,-5.4,-0.9,578.8,503.8,4.7,26.2,14.8,8.4,69.2,25.3,10.6,33.3,116.1,15.3,15.2
31.7,17.4,9.5,5.2,31.3,61.1,111.5,24.9,31.1,23.7,7.8,12.5,34.9,8.5,57.6,15519,-6.2,-0.8,608.9,497.5,2.8,25.3,16.2,8.5,71.9,26.4,10.5,34.9,176.5,13.0,10.2
31.1,17.8,10.3,4.6,31.4,60.8,61.7,23.2,32.0,24.1,7.9,12.9,26.4,11.6,65.7,16326,-3.4,1.4,604.5,541.9,5.1,28.7,16.9,11.0,66.2,20.1,9.0,37.2,166.4,11.6,11.2
29.0,15.9,9.9,3.4,36.5,58.6,105.3,26.1,31.9,22.9,7.4,11.9,29.9,14.8,64.7,15389,-5.1,3.1,560.4,521.4,5.2,25.6,16.1,8.6,69.1,27.2,9.9,32.1,142.7,17.3,14.9
31.3,15.1,12.4,4.1,31.8,60.3,138.8,22.6,31.6,25.0,8.0,12.7,27.4,9.6,71.8,15960,-4.7,-0.3,620.9,548.1,3.2,31.4,19.5,10.0,65.4,28.0,12.6,24.7,123.1,12.8,14.0
30.6,16.4,10.2,3.8,34.4,56.6,149.1,25.4,31.0,23.6,7.9,12.1,31.0,11.7,57.7,15114,-5.0,-0.8,610.5,479.8,2.7,27.6,19.2,7.2,69.7,22.2,11.2,36.4,161.8,13.7,10.3
29.5,17.7,8.9,4.8,34.3,61.0,51.0,22.4,31.6,23.9,8.6,13.5,36.7,13.3,53.1,14783,-2.1,2.8,616.5,499.9,5.5,23.4,13.9,8.8,71.2,20.6,11.3,39.2,109.7,16.2,16.1
33.3,15.8,10.5,4.3,30.6,62.7,72.0,25.2,31.8,23.3,7.8,11.9,31.1,9.1,74.2,15613,-5.1,3.8,594.5,527.7,4.3,29.9,21.0,8.3,65.8,23.1,12.4,30.3,138.1,12.6,12.1
27.7,18.4,8.9,9.4,28.8,66.6,757.4,21.0,28.2,27.5,10.2,13.1,49.4,7.7,93.6,15506,-1.0,-1.1,963.8,421.3,0.7,16.3,9.6,5.2,83.0,22.2,24.6,36.3,67.2,12.1,10.9
26.9,15.7,10.2,5.2,35.4,63.7,658.2,25.6,31.7,23.5,8.1,11.0,44.5,12.1,82.5,15658,-1.0,-0.8,811.1,439.7,0.6,15.1,8.3,5.6,84.3,22.6,22.3,39.4,133.7,14.8,13.4
24.8,19.5,10.0,13.1,25.3,70.3,912.5,20.5,24.2,30.4,12.2,12.7,61.9,4.8,95.2,15127,-0.5,-4.8,894.7,397.4,0.3,20.2,15.7,3.8,79.5,18.4,19.8,41.3,126.9,8.6,6.4
25.7,17.0,8.3,5.7,37.4,64.0,384.9,25.7,33.6,22.8,7.7,10.1,42.7,9.7,83.9,17898,-1.1,-5.5,826.0,493.8,0.3,20.0,14.6,4.9,79.8,24.5,16.6,38.7,149.4,11.5,11.8
28.2,16.8,9.1,14.1,25.4,67.9,774.8,20.9,26.2,29.0,10.2,13.7,53.4,7.5,90.8,13895,2.6,6.1,742.8,406.1,0.3,12.7,7.5,4.8,86.9,23.1,18.9,45.0,70.0,12.3,10.3
28.0,19.6,8.6,7.4,30.0,65.8,412.6,25.1,28.8,25.8,7.5,12.8,50.4,10.2,84.1,15940,-3.7,-19.5,995.8,466.2,0.5,29.9,25.2,4.4,69.6,24.0,18.9,26.7,147.9,12.3,12.6
48.0,13.6,11.7,4.4,16.6,70.5,112.8,20.1,29.7,26.5,8.8,14.9,42.1,4.7,64.7,14955,-2.1,1.4,606.3,529.8,3.0,39.2,24.8,14.2,57.7,20.9,8.6,28.2,35.4,10.3,9.4
29.4,19.5,9.3,5.2,31.3,64.3,127.1,24.1,30.1,24.4,8.7,12.7,38.9,10.1,66.7,15002,-2.4,7.5,621.0,506.4,2.4,26.4,14.7,11.4,71.1,23.3,11.5,36.4,73.9,13.6,13.4
33.0,18.6,8.7,4.7,28.1,65.2,101.0,22.3,31.6,25.2,8.1,12.9,32.6,4.8,52.2,16426,-7.3,8.7,597.0,551.8,3.6,40.7,30.6,9.1,55.6,20.1,8.9,26.6,114.7,9.1,9.1
33.9,17.7,10.8,4.5,27.6,63.4,112.4,22.2,30.2,25.4,8.0,14.1,45.3,8.8,62.5,14885,-2.5,9.8,634.4,484.3,5.1,27.1,17.6,9.0,67.8,21.4,10.8,35.7,58.0,13.5,11.3
29.6,17.6,8.5,3.9,34.7,61.6,79.8,24.2,31.9,23.6,7.8,12.6,38.7,6.1,64.9,14320,-4.3,0.0,555.1,528.2,4.8,26.5,17.1,9.1,68.7,19.5,8.5,40.7,82.7,16.4,13.4
30.6,17.8,9.7,5.4,30.1,62.8,108.5,23.5,31.4,24.8,8.2,12.1,39.5,9.2,72.1,15760,-4.4,-0.9,658.8,551.1,2.5,36.7,27.6,8.1,60.8,20.3,11.5,29.0,98.8,9.7,9.5
31.5,20.6,8.9,5.1,27.0,64.8,148.4,22.9,31.1,24.9,7.7,13.4,41.6,6.6,67.9,15635,-4.0,0.5,692.1,508.3,3.0,34.2,23.6,9.7,62.7,23.0,11.0,28.8,65.0,10.3,9.1
32.3,16.6,10.2,4.7,29.2,63.7,91.6,20.9,32.3,25.5,7.8,13.4,36.0,7.1,63.8,15404,-4.6,-7.9,533.5,518.8,5.8,35.7,24.5,10.9,58.4,22.1,11.1,25.2,81.4,13.4,11.9
30.4,17.5,9.5,4.6,31.3,62.9,72.3,21.9,31.3,25.6,8.5,12.6,31.6,5.1,71.8,15904,-2.2,-1.1,561.4,568.7,4.6,37.9,27.5,9.6,57.4,20.2,8.9,28.4,109.0,8.6,7.8
29.9,18.5,9.1,6.0,28.7,65.8,133.8,23.3,30.7,25.0,8.7,12.3,43.4,7.2,75.8,15690,-3.4,9.8,638.5,504.5,2.0,34.9,26.5,7.8,63.0,22.1,12.2,28.8,50.6,11.7,9.7
32.5,17.2,11.4,5.9,26.3,66.4,105.8,20.3,32.3,25.8,7.8,13.8,39.1,5.1,90.2,14753,-1.9,0.3,543.5,531.1,5.0,31.4,17.4,13.5,63.7,24.4,8.6,30.7,58.7,9.4,8.8
30.7,16.3,8.5,3.5,34.4,61.6,139.7,24.9,31.7,24.2,7.5,11.7,35.6,6.0,78.5,16634,-3.4,6.6,664.0,537.9,1.7,42.5,31.7,9.4,55.8,19.6,11.9,24.4,71.4,8.5,9.0
29.7,17.2,9.9,5.0,29.9,64.3,114.3,25.8,31.2,23.7,7.7,11.5,36.7,8.6,65.7,15483,-5.3,2.3,629.1,512.3,2.8,33.1,23.0,8.5,64.1,21.9,11.3,30.9,96.8,10.8,10.5
31.7,16.1,10.9,5.3,29.4,67.7,107.0,22.4,32.0,25.0,7.8,12.9,38.8,6.0,78.2,15821,-2.8,-1.0,623.5,539.4,4.7,32.3,21.4,10.0,62.9,30.0,9.3,23.6,85.5,9.5,9.7
31.2,17.2,10.3,4.6,30.0,66.3,77.2,23.7,31.6,24.2,7.9,12.7,38.7,6.8,74.7,15472,-3.0,-0.2,674.4,560.2,5.6,40.5,31.2,8.7,53.9,19.4,9.8,24.7,83.9,9.7,8.5
33.0,16.2,11.4,4.8,27.9,66.7,129.2,25.4,32.2,23.1,7.1,12.0,40.1,6.6,81.8,16229,-1.8,-2.5,560.4,546.7,4.7,35.9,22.9,12.1,59.4,23.8,8.7,26.9,74.8,11.4,10.0
32.6,16.8,10.3,3.6,29.6,61.4,176.1,26.8,31.3,23.1,7.3,11.6,39.8,5.8,73.2,15359,-2.9,2.1,581.3,507.1,3.2,31.0,21.5,8.5,65.8,27.0,9.5,29.3,76.4,15.8,12.4
